Date,Open,High,Low,Close,Volume
13-Apr-11,30.31,31.15,30.28,30.99,686604
12-Apr-11,30.10,30.57,29.65,30.12,738373
11-Apr-11,31.06,31.38,30.25,30.43,558220
8-Apr-11,31.18,31.47,30.65,31.00,845184
7-Apr-11,31.40,31.58,31.00,31.08,341103
6-Apr-11,31.88,31.92,31.01,31.45,420326
5-Apr-11,31.60,31.80,30.95,31.58,483754
4-Apr-11,31.95,31.95,31.00,31.61,858671
1-Apr-11,32.17,32.40,31.88,32.11,685048
31-Mar-11,32.35,32.50,31.75,31.98,668160
30-Mar-11,31.65,32.99,31.46,32.35,1615893
29-Mar-11,31.21,31.83,30.93,31.49,1611188
28-Mar-11,31.75,32.17,30.81,31.17,1122949
25-Mar-11,30.39,31.99,30.20,31.71,3322456
24-Mar-11,28.31,30.30,28.05,29.99,5080547
23-Mar-11,26.54,26.62,26.16,26.60,374801
22-Mar-11,27.16,27.30,26.15,26.66,755094
21-Mar-11,26.51,27.13,26.38,27.09,460508
18-Mar-11,26.12,26.76,26.00,26.20,677328
17-Mar-11,26.62,27.06,25.85,25.89,760348
16-Mar-11,27.01,27.31,26.09,26.37,668514
15-Mar-11,26.79,27.44,26.52,27.04,1002397
14-Mar-11,27.50,28.13,26.90,28.06,1178241
11-Mar-11,27.64,28.31,27.42,28.13,549177
10-Mar-11,28.17,28.49,27.67,27.90,754800
9-Mar-11,27.79,28.63,27.51,28.48,905923
8-Mar-11,27.80,28.02,27.35,27.86,445196
7-Mar-11,28.44,28.44,27.31,27.81,595954
4-Mar-11,28.34,29.10,27.95,28.41,598290
3-Mar-11,28.31,28.68,28.10,28.52,617650
2-Mar-11,27.05,28.17,26.82,28.16,810349
1-Mar-11,26.11,27.10,26.11,27.02,797115
28-Feb-11,26.82,27.00,26.26,26.51,761439
25-Feb-11,27.35,27.71,26.45,26.66,1195854
24-Feb-11,27.92,28.75,26.77,27.01,1981631
23-Feb-11,27.42,27.87,26.65,27.78,1149819
22-Feb-11,28.18,28.35,27.18,27.45,849688
18-Feb-11,28.48,28.48,28.48,28.48,0
17-Feb-11,28.27,28.40,27.98,28.15,230135
16-Feb-11,27.94,28.44,27.85,28.28,312806
15-Feb-11,28.57,28.65,27.79,27.92,328482
14-Feb-11,28.28,28.84,28.27,28.46,437145
10-Feb-11,27.49,28.22,27.34,27.57,899803
9-Feb-11,27.70,28.22,27.27,27.57,648814
8-Feb-11,26.97,27.83,26.74,27.69,560014
7-Feb-11,27.19,27.29,26.92,27.04,425780
4-Feb-11,27.30,27.59,26.94,27.21,454099
3-Feb-11,26.76,27.54,26.69,27.44,683443
2-Feb-11,27.27,27.43,26.66,26.80,820895
1-Feb-11,25.65,27.50,25.65,27.37,1598887
31-Jan-11,25.61,25.75,24.86,25.59,1312096
28-Jan-11,26.07,26.26,25.40,25.57,867856
27-Jan-11,26.21,26.39,26.00,26.08,598307
26-Jan-11,26.36,26.58,26.00,26.25,612451
25-Jan-11,26.55,26.67,26.00,26.26,372069
24-Jan-11,26.48,26.82,25.36,26.65,873517
21-Jan-11,27.02,27.61,26.14,26.36,1423452
20-Jan-11,26.62,26.94,26.01,26.83,938029
19-Jan-11,27.40,27.49,26.67,26.67,877125
18-Jan-11,27.43,27.68,27.16,27.39,608107
14-Jan-11,27.46,27.46,27.46,27.46,0
13-Jan-11,28.02,28.49,27.70,27.93,1006158
12-Jan-11,27.10,28.00,27.03,27.92,1763079
11-Jan-11,27.19,27.22,26.56,26.83,1111200
10-Jan-11,27.37,27.53,26.64,27.09,1324675
7-Jan-11,27.89,27.89,27.14,27.21,958461
6-Jan-11,28.44,28.44,27.65,27.86,799096
5-Jan-11,27.50,28.72,27.11,28.12,1738854
4-Jan-11,28.78,29.12,27.45,27.51,1672155
3-Jan-11,28.28,29.10,27.30,28.47,3662705
31-Dec-10,32.28,32.30,27.65,28.07,25384905
30-Dec-10,25.44,26.99,25.31,26.86,699515
29-Dec-10,25.11,25.61,24.81,25.61,541088
28-Dec-10,25.37,25.49,24.82,25.12,696520
27-Dec-10,25.80,25.91,25.06,25.37,487142
23-Dec-10,25.86,25.86,25.86,25.86,0
22-Dec-10,26.49,26.59,25.30,25.79,776394
21-Dec-10,26.78,26.87,26.05,26.31,838750
20-Dec-10,26.80,27.25,26.50,26.72,990718
17-Dec-10,25.60,26.77,25.45,26.67,771726
16-Dec-10,25.80,26.10,25.58,25.75,371656
15-Dec-10,26.01,26.54,25.76,25.82,476958
14-Dec-10,26.60,26.83,25.83,26.09,514867
13-Dec-10,27.25,27.48,26.50,26.56,765807
10-Dec-10,26.55,27.25,26.51,27.07,792911
9-Dec-10,26.99,27.00,26.51,26.55,535542
8-Dec-10,26.87,27.05,26.53,26.84,476681
7-Dec-10,26.81,27.28,26.48,26.62,833971
6-Dec-10,26.17,26.70,26.00,26.46,567325
3-Dec-10,25.14,26.45,25.11,26.28,1063729
2-Dec-10,26.65,26.87,24.75,25.45,2322263
1-Dec-10,27.58,27.68,26.22,26.71,1127113
30-Nov-10,27.04,27.48,26.75,27.21,897491
29-Nov-10,27.02,27.43,26.48,27.26,1204931
26-Nov-10,26.06,27.35,26.05,26.93,718380
24-Nov-10,26.35,26.35,26.35,26.35,0
23-Nov-10,24.94,25.25,24.40,25.18,1185786
22-Nov-10,24.30,25.28,24.26,25.25,1145135
19-Nov-10,24.37,24.60,23.80,24.18,984844
18-Nov-10,24.25,24.82,23.71,24.25,1590557
17-Nov-10,22.21,23.82,22.03,23.82,1184463
16-Nov-10,22.42,22.83,21.55,22.19,680842
15-Nov-10,21.69,22.83,21.65,22.60,873201
12-Nov-10,21.93,22.36,21.06,21.60,814281
11-Nov-10,22.51,22.51,21.88,22.05,560308
10-Nov-10,22.16,22.79,21.73,22.79,645424
9-Nov-10,22.81,22.82,22.04,22.20,527169
8-Nov-10,22.51,22.83,21.86,22.50,825188
5-Nov-10,21.95,22.20,21.69,21.87,840772
4-Nov-10,22.73,22.93,21.36,21.96,1981763
3-Nov-10,22.86,23.02,22.18,22.61,1270494
2-Nov-10,23.37,23.55,22.46,22.75,1571402
1-Nov-10,22.07,23.42,21.98,23.16,3180848
29-Oct-10,21.11,21.95,21.10,21.65,1940141
28-Oct-10,19.61,21.49,19.34,21.39,6522970
27-Oct-10,18.33,19.05,18.12,18.85,1346583
26-Oct-10,18.04,18.49,17.96,18.35,510678
25-Oct-10,18.18,18.46,18.04,18.18,504876
22-Oct-10,17.97,18.12,17.65,17.99,682274
21-Oct-10,18.45,18.80,17.68,17.93,977973
20-Oct-10,17.84,18.57,17.67,18.36,1782009
19-Oct-10,17.76,18.02,17.59,17.82,776784
18-Oct-10,17.88,18.13,17.87,18.00,540327
15-Oct-10,17.55,18.23,17.32,17.95,1284806
14-Oct-10,17.16,17.71,17.15,17.49,680886
13-Oct-10,17.40,17.51,17.14,17.25,859980
12-Oct-10,17.11,17.47,16.99,17.27,770286
11-Oct-10,17.24,17.57,16.93,17.20,604490
8-Oct-10,17.25,17.41,17.07,17.24,411738
7-Oct-10,17.38,17.54,17.14,17.30,234991
6-Oct-10,17.83,17.86,17.12,17.31,843967
5-Oct-10,17.80,17.94,17.74,17.87,606613
4-Oct-10,17.82,18.11,17.43,17.66,1100883
1-Oct-10,17.18,18.25,17.08,18.02,2346523
30-Sep-10,16.96,17.25,16.56,16.86,850036
29-Sep-10,16.20,17.05,16.20,16.85,734109
28-Sep-10,16.42,16.66,16.07,16.20,746999
27-Sep-10,16.86,16.90,16.32,16.44,525160
24-Sep-10,16.79,16.99,16.58,16.86,693779
23-Sep-10,16.79,17.12,16.45,16.60,637812
22-Sep-10,16.94,17.10,16.55,16.89,1556913
21-Sep-10,16.26,17.15,16.25,17.05,2092623
20-Sep-10,15.23,16.12,15.05,15.96,1526717
17-Sep-10,14.83,15.18,14.58,15.13,1137193
16-Sep-10,14.58,15.12,14.58,14.79,691541
15-Sep-10,14.11,14.62,14.11,14.58,988232
14-Sep-10,14.46,14.66,14.18,14.26,664092
13-Sep-10,15.04,15.08,14.44,14.46,903764
10-Sep-10,14.59,14.98,14.39,14.73,877498
9-Sep-10,15.32,15.43,14.42,14.50,758302
8-Sep-10,14.70,15.19,14.70,15.11,509997
7-Sep-10,14.90,14.99,14.57,14.68,509193
6-Sep-10,15.09,15.09,15.09,15.09,0
3-Sep-10,15.03,15.25,14.95,15.09,614243
2-Sep-10,14.34,15.00,14.32,14.96,508614
1-Sep-10,14.47,14.50,14.25,14.39,448411
31-Aug-10,13.70,14.25,13.70,14.13,603181
30-Aug-10,14.04,14.13,13.74,13.80,542636
27-Aug-10,14.01,14.21,13.92,14.12,432962
26-Aug-10,13.85,14.04,13.75,13.90,828005
25-Aug-10,13.29,13.84,13.29,13.83,396062
24-Aug-10,13.63,13.70,13.19,13.50,860543
23-Aug-10,14.03,14.33,13.77,13.85,509195
20-Aug-10,14.02,14.14,13.89,14.01,451589
19-Aug-10,14.99,15.22,14.18,14.23,632886
18-Aug-10,14.79,15.16,14.76,15.08,507248
17-Aug-10,14.42,14.96,14.22,14.77,799834
16-Aug-10,14.15,14.57,14.08,14.34,697772
13-Aug-10,14.16,14.39,14.16,14.24,455132
12-Aug-10,14.13,14.37,13.83,14.27,648455
11-Aug-10,14.86,15.00,14.18,14.46,1278592
10-Aug-10,14.99,15.30,14.84,15.25,777520
9-Aug-10,15.50,15.62,15.06,15.25,602624
6-Aug-10,15.15,15.49,14.90,15.45,788211
5-Aug-10,15.69,15.75,14.83,15.26,1003235
4-Aug-10,15.69,15.86,15.61,15.79,857001
3-Aug-10,16.01,16.05,15.35,15.67,1610501
2-Aug-10,15.76,16.14,15.68,16.05,1191293
30-Jul-10,14.98,15.63,14.97,15.47,1396931
29-Jul-10,14.62,15.49,14.61,15.49,3136455
28-Jul-10,14.60,14.60,13.88,14.35,1684918
27-Jul-10,15.33,15.55,14.57,14.67,1855969
26-Jul-10,14.05,14.98,13.97,14.87,1452565
23-Jul-10,13.80,14.05,13.70,14.05,909402
22-Jul-10,13.65,14.01,13.64,13.87,889317
21-Jul-10,13.58,13.87,13.35,13.53,1222528
20-Jul-10,13.05,13.44,12.69,13.44,862044
19-Jul-10,12.90,13.50,12.84,13.28,1854697
16-Jul-10,13.00,13.10,12.40,12.54,1242040
15-Jul-10,13.54,13.54,12.88,13.10,1174979
14-Jul-10,13.79,13.79,13.31,13.50,1629643
13-Jul-10,13.00,13.85,12.92,13.70,2060959
12-Jul-10,12.70,13.06,12.37,12.89,1581517
9-Jul-10,12.77,12.98,12.44,12.73,1023849
8-Jul-10,13.16,13.16,12.40,12.86,1469362
7-Jul-10,12.67,13.18,12.52,12.89,3187966
6-Jul-10,14.05,14.19,12.10,12.25,4331885
5-Jul-10,13.95,13.95,13.95,13.95,0
2-Jul-10,14.54,14.60,13.73,13.95,1249520
1-Jul-10,14.82,15.15,14.05,14.60,1237441
30-Jun-10,14.85,15.09,14.41,14.60,1001248
29-Jun-10,15.35,15.40,14.28,14.88,2595302
28-Jun-10,15.86,15.97,15.50,15.57,724177
25-Jun-10,15.80,16.04,15.55,16.00,694193
24-Jun-10,16.09,16.19,15.65,15.75,921569
23-Jun-10,16.41,16.46,15.91,16.21,1325184
22-Jun-10,16.58,16.79,16.26,16.30,1123140
21-Jun-10,16.48,16.79,16.25,16.46,1430089
18-Jun-10,15.70,16.30,15.70,16.15,1155495
17-Jun-10,15.81,16.12,15.45,15.63,1116868
16-Jun-10,16.12,16.39,15.77,15.83,861386
15-Jun-10,16.00,16.35,15.83,16.31,886210
14-Jun-10,15.97,16.47,15.93,15.97,1295858
11-Jun-10,15.70,15.81,15.50,15.78,675967
10-Jun-10,15.87,16.19,15.62,15.80,1107939
9-Jun-10,16.24,16.46,15.42,15.57,1322209
8-Jun-10,15.93,16.19,15.57,16.18,1634471
7-Jun-10,16.62,16.80,15.80,15.91,1397142
4-Jun-10,16.88,17.24,15.98,16.12,2244452
3-Jun-10,16.80,17.40,16.34,17.17,2057095
2-Jun-10,17.06,17.06,16.18,16.65,1539453
1-Jun-10,17.07,17.57,16.70,16.73,1451246
31-May-10,16.95,16.95,16.95,16.95,0
28-May-10,17.30,17.48,16.86,16.95,888077
27-May-10,17.20,17.40,16.82,17.20,1313948
26-May-10,16.52,17.10,16.50,16.60,1832069
25-May-10,15.99,16.25,15.31,16.22,2868070
24-May-10,17.83,18.09,16.86,16.90,1545549
21-May-10,17.02,18.20,16.86,17.89,1903072
20-May-10,18.67,18.67,17.05,17.46,2219789
19-May-10,19.65,20.15,18.65,19.05,1513790
18-May-10,19.75,20.00,19.54,19.80,1882701
17-May-10,19.29,19.84,19.19,19.60,1827934
14-May-10,19.10,19.41,18.83,19.30,1958921
13-May-10,19.29,19.98,19.01,19.41,1869380
12-May-10,19.19,19.72,18.68,19.24,2187492
11-May-10,18.01,19.10,17.66,18.94,1807677
10-May-10,18.97,19.39,17.81,18.21,2702973
7-May-10,18.73,18.85,16.96,17.36,3489659
6-May-10,19.05,19.39,17.50,18.90,2646272
5-May-10,18.49,19.07,18.13,19.05,1760584
4-May-10,19.21,19.21,18.18,19.07,2016995
3-May-10,19.11,19.33,19.05,19.27,1139155
30-Apr-10,19.56,19.94,18.67,18.98,1891367
29-Apr-10,20.68,20.77,18.50,19.72,5217586
28-Apr-10,20.54,20.89,19.50,20.30,2601771
27-Apr-10,21.23,21.30,19.90,20.07,2192420
26-Apr-10,20.24,21.19,20.22,21.13,2341862
23-Apr-10,19.99,20.12,19.84,20.11,1552922
22-Apr-10,19.25,19.89,18.61,19.82,1891320
21-Apr-10,18.84,20.32,18.51,19.24,4344186
20-Apr-10,17.86,18.85,17.86,18.69,2631073
19-Apr-10,17.42,17.69,17.21,17.57,1278736
16-Apr-10,17.75,18.00,17.35,17.49,1922586
15-Apr-10,17.50,18.00,17.40,17.79,1178301
14-Apr-10,17.21,17.50,17.20,17.41,1369682
13-Apr-10,17.00,17.20,16.45,17.13,2187895
12-Apr-10,17.20,17.20,16.63,16.99,1524698
9-Apr-10,17.63,17.63,16.56,17.11,2876123
8-Apr-10,18.10,18.10,17.39,17.55,1574390
7-Apr-10,18.45,18.50,17.93,18.10,1557250
6-Apr-10,18.55,18.87,18.43,18.55,1160894
5-Apr-10,18.38,18.79,18.21,18.68,1031938
2-Apr-10,18.11,18.11,18.11,18.11,0
1-Apr-10,18.10,18.29,17.90,18.11,893461
31-Mar-10,18.05,18.26,17.90,17.99,1357546
30-Mar-10,17.70,18.08,17.65,18.04,1541218
29-Mar-10,17.39,17.71,17.32,17.71,1435050
26-Mar-10,17.48,17.50,16.91,17.10,1903927
25-Mar-10,16.75,17.68,16.72,17.20,3213017
24-Mar-10,16.61,16.70,16.41,16.56,719362
23-Mar-10,16.42,16.72,16.37,16.61,1219193
22-Mar-10,15.51,16.40,15.45,16.30,1444132
19-Mar-10,15.76,15.90,15.47,15.55,1199950
18-Mar-10,15.50,15.86,15.40,15.76,1766149
17-Mar-10,15.59,15.79,15.41,15.46,1382097
16-Mar-10,15.59,15.64,15.18,15.56,1482474
15-Mar-10,15.90,15.91,15.36,15.45,1511075
12-Mar-10,16.14,16.15,15.10,15.88,3221663
11-Mar-10,17.44,17.60,15.03,15.86,13361813
10-Mar-10,15.91,16.21,15.60,16.02,4347838
9-Mar-10,15.13,15.75,15.03,15.75,4567805
8-Mar-10,14.20,15.10,14.15,14.84,5146920
5-Mar-10,13.25,13.92,13.10,13.72,1958832
4-Mar-10,13.00,13.46,12.70,13.02,1990543
3-Mar-10,14.46,14.46,12.68,12.86,3605256
2-Mar-10,13.51,14.47,13.51,14.25,1591631
1-Mar-10,13.45,13.64,13.38,13.50,357130
26-Feb-10,13.29,13.55,13.20,13.41,545552
25-Feb-10,12.78,13.33,12.58,13.30,1108870
24-Feb-10,13.10,13.27,12.75,12.99,966876
23-Feb-10,13.33,13.39,12.84,13.08,1270054
22-Feb-10,13.36,13.59,13.20,13.29,1022454
19-Feb-10,12.99,13.30,12.92,13.25,600655
18-Feb-10,12.83,13.09,12.61,13.08,700690
17-Feb-10,12.65,12.81,12.50,12.81,612836
16-Feb-10,12.97,13.08,12.16,12.62,1039775
15-Feb-10,12.84,12.84,12.84,12.84,0
12-Feb-10,12.79,12.87,12.48,12.84,496086
11-Feb-10,12.12,12.80,12.05,12.78,1229120
10-Feb-10,11.77,12.31,11.53,12.02,1315262
9-Feb-10,11.80,12.12,11.61,11.83,878506
8-Feb-10,12.66,12.71,11.50,11.55,1996138
5-Feb-10,12.25,12.60,12.21,12.56,747676
4-Feb-10,13.26,13.26,12.15,12.30,2316644
3-Feb-10,13.31,13.57,13.24,13.32,357759
2-Feb-10,13.68,13.89,13.14,13.30,1203118
1-Feb-10,13.12,13.75,13.11,13.50,1225553
29-Jan-10,13.08,13.20,12.61,12.80,947531
28-Jan-10,13.25,13.30,12.85,13.06,499071
27-Jan-10,13.20,13.20,13.01,13.13,425109
26-Jan-10,13.08,13.40,13.01,13.17,512972
25-Jan-10,13.39,13.49,13.18,13.19,760206
22-Jan-10,13.48,13.67,13.10,13.38,1266127
21-Jan-10,13.24,13.55,13.07,13.37,1777389
20-Jan-10,12.58,13.22,12.43,13.18,1626910
19-Jan-10,12.63,12.88,12.24,12.81,2736282
18-Jan-10,12.91,12.91,12.91,12.91,0
15-Jan-10,13.28,13.33,12.82,12.91,965919
14-Jan-10,13.59,13.60,13.23,13.39,557612
13-Jan-10,13.15,13.76,12.73,13.62,1528039
12-Jan-10,13.69,13.83,12.88,13.11,1967207
11-Jan-10,14.32,14.34,13.74,13.86,1576841
8-Jan-10,14.32,14.54,13.96,14.13,1774218
7-Jan-10,14.30,14.57,14.06,14.42,1296578
6-Jan-10,14.20,14.60,14.15,14.31,2062248
5-Jan-10,13.54,14.48,13.50,14.06,3329146
4-Jan-10,13.67,13.68,13.02,13.31,1290832
1-Jan-10,13.31,13.31,13.31,13.31,0
31-Dec-09,13.78,13.87,13.30,13.31,1126055
30-Dec-09,13.03,13.81,12.92,13.78,3446741
29-Dec-09,12.58,13.11,12.43,12.97,2118247
28-Dec-09,12.78,12.80,12.42,12.45,527900
25-Dec-09,12.61,12.61,12.61,12.61,0
24-Dec-09,12.70,12.77,12.47,12.61,456033
23-Dec-09,12.85,12.93,12.67,12.73,812907
22-Dec-09,12.65,12.90,12.60,12.79,1625256
21-Dec-09,12.90,12.90,12.30,12.79,1087004
18-Dec-09,12.90,13.00,12.47,12.54,1292149
17-Dec-09,12.52,12.64,12.20,12.49,523445
16-Dec-09,12.68,12.78,12.36,12.53,487778
15-Dec-09,12.84,13.08,12.44,12.53,980216
14-Dec-09,12.70,13.02,12.50,12.93,771640
11-Dec-09,11.85,12.68,11.81,12.58,1931879
10-Dec-09,11.70,11.88,11.68,11.76,539855
9-Dec-09,11.49,11.66,11.32,11.66,420358
8-Dec-09,11.33,11.55,11.17,11.46,287401
7-Dec-09,11.00,11.68,10.97,11.36,1247246
4-Dec-09,10.78,11.03,10.75,11.03,456942
3-Dec-09,10.90,10.99,10.60,10.63,299114
2-Dec-09,10.64,10.90,10.60,10.90,301729
1-Dec-09,10.51,10.71,10.50,10.69,274508
30-Nov-09,10.44,10.51,10.26,10.48,163521
27-Nov-09,10.30,10.50,10.16,10.37,58387
26-Nov-09,10.61,10.61,10.61,10.61,0
25-Nov-09,10.59,10.70,10.50,10.61,114880
24-Nov-09,10.46,10.60,10.34,10.59,210141
23-Nov-09,10.56,10.88,10.43,10.56,535339
20-Nov-09,10.10,10.51,10.10,10.48,452786
19-Nov-09,10.49,10.49,10.04,10.12,386890
18-Nov-09,10.84,10.89,10.40,10.52,561308
17-Nov-09,11.01,11.09,10.83,10.91,422837
16-Nov-09,11.10,11.24,11.06,11.14,371867
13-Nov-09,11.01,11.13,10.97,11.09,421470
12-Nov-09,11.10,11.10,10.83,10.88,246116
11-Nov-09,11.24,11.24,10.88,11.05,448032
10-Nov-09,11.10,11.22,11.04,11.07,682106
9-Nov-09,10.90,11.20,10.88,11.03,715671
6-Nov-09,10.90,10.90,10.42,10.87,546690
5-Nov-09,11.01,11.05,10.69,10.89,602421
4-Nov-09,10.73,10.85,10.25,10.56,1413927
3-Nov-09,10.27,10.78,10.24,10.77,380967
2-Nov-09,10.28,10.54,10.10,10.27,298763
30-Oct-09,10.69,10.77,10.20,10.30,249476
29-Oct-09,10.01,10.78,10.01,10.78,528283
28-Oct-09,10.37,10.46,9.77,9.79,520078
27-Oct-09,10.70,10.70,10.40,10.40,305867
26-Oct-09,10.85,11.15,10.50,10.73,458761
23-Oct-09,11.16,11.19,10.62,10.75,325795
22-Oct-09,10.97,11.15,10.72,11.06,656389
21-Oct-09,11.12,11.33,10.90,10.92,575902
20-Oct-09,10.98,11.11,10.80,11.11,452930
19-Oct-09,10.80,11.00,10.65,10.97,855133
16-Oct-09,10.82,10.91,10.52,10.85,469884
15-Oct-09,10.72,11.15,10.68,10.79,1012260
14-Oct-09,10.50,10.75,10.37,10.67,558579
13-Oct-09,9.90,10.49,9.88,10.43,608058
12-Oct-09,9.87,10.11,9.73,10.05,606076
9-Oct-09,9.71,9.86,9.67,9.85,210919
8-Oct-09,9.71,9.92,9.71,9.75,316678
7-Oct-09,9.75,9.79,9.52,9.60,482222
6-Oct-09,9.76,9.86,9.66,9.76,275188
5-Oct-09,9.39,9.72,9.00,9.67,528515
2-Oct-09,9.13,9.45,9.05,9.35,287782
1-Oct-09,9.39,9.41,9.21,9.26,320735
30-Sep-09,9.79,9.85,9.10,9.41,839921
29-Sep-09,8.88,9.52,8.88,9.43,977331
28-Sep-09,8.60,8.97,8.60,8.80,369352
25-Sep-09,8.64,8.92,8.64,8.67,438841
24-Sep-09,9.02,9.06,8.58,8.72,696922
23-Sep-09,9.10,9.14,9.00,9.00,250807
22-Sep-09,8.96,9.20,8.96,9.06,507495
21-Sep-09,8.85,9.01,8.72,8.96,569081
18-Sep-09,9.37,9.50,8.67,8.95,3190141
17-Sep-09,9.81,9.96,9.48,9.50,699021
16-Sep-09,9.85,10.14,9.77,9.85,610675
15-Sep-09,9.80,9.96,9.70,9.82,208498
14-Sep-09,9.75,9.90,9.64,9.82,260116
11-Sep-09,10.00,10.08,9.71,9.82,348811
10-Sep-09,9.72,9.99,9.67,9.98,499259
9-Sep-09,9.27,9.64,9.12,9.57,508494
8-Sep-09,9.32,9.40,9.09,9.22,231179
4-Sep-09,9.21,9.41,9.15,9.30,153792
3-Sep-09,9.00,9.25,9.00,9.18,187149
2-Sep-09,9.05,9.08,8.93,9.00,348995
1-Sep-09,9.36,9.45,9.04,9.07,468518
31-Aug-09,9.08,9.44,8.90,9.40,1026354
28-Aug-09,9.38,9.43,9.06,9.11,378972
27-Aug-09,9.42,9.50,9.20,9.39,292312
26-Aug-09,9.33,9.45,9.28,9.41,186001
25-Aug-09,9.74,9.78,9.34,9.35,244411
24-Aug-09,9.62,9.97,9.60,9.71,582473
21-Aug-09,9.20,9.57,9.17,9.56,447982
20-Aug-09,9.17,9.26,9.14,9.20,164728
19-Aug-09,9.05,9.29,8.99,9.13,568520
18-Aug-09,9.10,9.20,9.00,9.16,228929
17-Aug-09,9.05,9.12,8.88,9.11,573190
14-Aug-09,9.10,9.20,9.03,9.20,407790
13-Aug-09,9.28,9.28,9.00,9.10,630250
12-Aug-09,8.63,9.34,8.62,9.25,1502953
10-Aug-09,9.30,9.35,8.88,9.05,572246
7-Aug-09,9.73,9.75,9.25,9.35,859968
6-Aug-09,9.60,10.06,9.24,9.40,1437977
5-Aug-09,9.40,9.57,9.23,9.50,1037900
4-Aug-09,9.19,9.45,9.15,9.45,770494
3-Aug-09,9.09,9.24,8.95,9.20,592547
31-Jul-09,8.80,9.05,8.80,9.00,235290
30-Jul-09,8.96,9.02,8.78,8.81,297926
29-Jul-09,9.00,9.03,8.75,8.78,264708
28-Jul-09,8.73,9.05,8.73,9.00,671753
27-Jul-09,8.80,8.82,8.65,8.82,420391
24-Jul-09,8.70,8.73,8.65,8.69,197038
23-Jul-09,8.40,8.79,8.38,8.73,507438
22-Jul-09,8.30,8.50,8.25,8.50,452313
21-Jul-09,8.47,8.47,8.18,8.38,319086
20-Jul-09,8.18,8.46,8.18,8.41,386458
17-Jul-09,8.18,8.22,8.08,8.14,260888
16-Jul-09,8.32,8.39,8.07,8.23,269358
15-Jul-09,8.29,8.54,8.25,8.41,521390
14-Jul-09,7.90,8.21,7.76,8.20,396867
13-Jul-09,7.83,7.91,7.65,7.91,326474
10-Jul-09,7.54,7.88,7.52,7.79,445229
9-Jul-09,7.39,7.62,7.30,7.57,291828
8-Jul-09,7.39,7.47,7.14,7.30,564631
7-Jul-09,7.75,7.82,7.36,7.39,475148
6-Jul-09,7.99,8.00,7.45,7.81,830105
3-Jul-09,8.11,8.11,8.11,8.11,0
2-Jul-09,8.14,8.19,8.05,8.11,420617
1-Jul-09,8.24,8.25,8.08,8.21,480844
30-Jun-09,8.31,8.33,8.08,8.12,509209
29-Jun-09,8.30,8.49,8.20,8.28,1012576
26-Jun-09,7.97,8.30,7.90,8.19,1177754
25-Jun-09,7.40,7.99,7.35,7.82,1286660
24-Jun-09,6.95,7.24,6.95,7.14,341120
23-Jun-09,7.02,7.03,6.90,6.95,321636
22-Jun-09,7.25,7.29,6.95,7.03,441204
19-Jun-09,7.39,7.53,7.14,7.25,301107
18-Jun-09,7.24,7.38,7.14,7.33,390648
17-Jun-09,7.18,7.39,7.07,7.27,295188
16-Jun-09,7.09,7.30,7.09,7.18,400971
15-Jun-09,7.01,7.08,6.93,7.05,282355
12-Jun-09,6.93,7.08,6.73,7.00,644378
11-Jun-09,7.15,7.29,6.85,6.86,701971
10-Jun-09,7.46,7.46,7.12,7.20,255013
9-Jun-09,7.41,7.47,7.15,7.31,438958
8-Jun-09,7.67,7.67,7.17,7.31,494600
5-Jun-09,7.59,7.72,7.38,7.64,231995
4-Jun-09,7.38,7.60,7.35,7.45,450418
3-Jun-09,7.31,7.39,7.15,7.36,1237212
2-Jun-09,7.35,7.37,7.16,7.16,1562330
1-Jun-09,7.70,7.90,7.57,7.62,553760
29-May-09,7.30,7.56,7.25,7.50,133107
28-May-09,7.57,7.58,6.95,7.24,601915
27-May-09,7.95,7.95,7.50,7.57,210836
26-May-09,7.75,7.99,7.70,7.89,272214
22-May-09,7.23,7.91,7.19,7.74,857077
21-May-09,7.02,7.25,6.92,7.24,261743
20-May-09,7.12,7.24,7.02,7.04,149152
19-May-09,6.92,7.12,6.81,7.05,234384
18-May-09,6.59,6.93,6.52,6.90,174399
15-May-09,6.78,6.80,6.50,6.57,258705
14-May-09,6.82,6.86,6.63,6.74,150264
13-May-09,7.00,7.02,6.63,6.71,362968
12-May-09,7.24,7.29,6.98,7.02,179031
11-May-09,7.05,7.17,6.81,7.16,364420
8-May-09,7.12,7.23,6.90,6.97,226384
7-May-09,7.11,7.32,6.53,7.00,611981
6-May-09,7.00,7.15,6.72,7.15,366002
5-May-09,7.10,7.19,6.90,6.99,266042
4-May-09,6.90,7.11,6.84,7.09,351051
1-May-09,6.47,6.92,6.47,6.79,430143
30-Apr-09,6.52,6.70,6.46,6.48,290751
29-Apr-09,6.28,6.46,6.25,6.41,178495
28-Apr-09,6.09,6.30,5.88,6.20,518764
27-Apr-09,6.37,6.37,6.00,6.20,372605
24-Apr-09,6.47,6.75,6.29,6.50,388238
23-Apr-09,6.04,6.50,6.00,6.47,789655
22-Apr-09,5.55,6.02,5.55,5.95,254613
21-Apr-09,5.55,5.65,5.41,5.60,111967
20-Apr-09,5.90,5.90,5.43,5.64,180036
17-Apr-09,5.50,6.00,5.50,5.96,286289
16-Apr-09,5.49,5.73,5.49,5.67,186685
15-Apr-09,5.74,5.74,5.37,5.46,174484
14-Apr-09,5.39,5.74,5.27,5.74,295926
13-Apr-09,5.05,5.33,4.99,5.31,203416
10-Apr-09,4.98,4.98,4.98,4.98,0
9-Apr-09,4.90,5.00,4.80,4.98,178204
8-Apr-09,4.65,4.85,4.65,4.80,164224
7-Apr-09,4.70,4.70,4.53,4.57,117783
6-Apr-09,4.60,4.88,4.60,4.73,138569
3-Apr-09,4.72,4.80,4.63,4.78,95550
2-Apr-09,4.47,4.68,4.42,4.63,305847
1-Apr-09,4.28,4.49,4.28,4.45,116228
31-Mar-09,4.30,4.40,4.20,4.31,160604
30-Mar-09,4.25,4.25,4.01,4.17,124817
27-Mar-09,4.16,4.24,4.10,4.20,66094
26-Mar-09,4.24,4.25,4.15,4.20,95601
25-Mar-09,4.21,4.27,4.10,4.21,81600
24-Mar-09,4.16,4.23,4.10,4.12,56084
23-Mar-09,4.20,4.24,4.10,4.18,93055
20-Mar-09,4.10,4.12,3.96,4.05,254114
19-Mar-09,4.31,4.40,4.01,4.13,241766
18-Mar-09,4.43,4.43,4.31,4.33,80213
17-Mar-09,4.39,4.50,4.25,4.48,78246
16-Mar-09,4.40,4.60,4.32,4.35,127548
13-Mar-09,4.57,4.67,4.26,4.40,146374
12-Mar-09,4.31,4.61,3.90,4.59,423515
11-Mar-09,4.55,4.75,4.43,4.55,223098
10-Mar-09,4.15,4.55,4.11,4.39,169840
9-Mar-09,4.05,4.09,4.00,4.01,75316
6-Mar-09,4.10,4.13,4.00,4.10,138640
5-Mar-09,4.07,4.17,4.03,4.07,94559
4-Mar-09,4.07,4.19,4.00,4.08,147954
3-Mar-09,3.93,4.05,3.93,3.94,107426
2-Mar-09,4.02,4.10,3.74,3.99,261213
27-Feb-09,4.06,4.13,4.00,4.03,68450
26-Feb-09,4.11,4.36,4.05,4.05,126532
25-Feb-09,4.05,4.35,3.99,4.12,163298
24-Feb-09,4.09,4.15,4.00,4.00,135866
23-Feb-09,4.36,4.42,4.00,4.05,181203
20-Feb-09,4.19,4.29,4.14,4.28,54102
19-Feb-09,4.25,4.44,4.25,4.30,55586
18-Feb-09,4.35,4.35,4.20,4.27,89406
17-Feb-09,4.60,4.61,4.26,4.40,136655
13-Feb-09,4.90,5.00,4.62,4.65,151887
12-Feb-09,4.85,4.89,4.65,4.89,36890
11-Feb-09,4.64,4.91,4.64,4.80,87487
10-Feb-09,5.16,5.23,4.60,4.70,180504
9-Feb-09,5.18,5.34,5.11,5.23,61142
6-Feb-09,5.05,5.27,5.04,5.27,129836
5-Feb-09,5.00,5.11,4.85,5.06,88245
4-Feb-09,4.94,5.14,4.90,4.95,51689
3-Feb-09,4.82,5.02,4.70,5.00,43510
2-Feb-09,4.78,4.92,4.50,4.89,109471
30-Jan-09,5.23,5.29,4.70,4.75,235879
29-Jan-09,5.41,5.41,5.05,5.14,109779
28-Jan-09,5.21,5.49,5.21,5.49,131180
27-Jan-09,5.02,5.25,4.95,5.21,232688
26-Jan-09,4.99,5.07,4.85,5.07,179758
23-Jan-09,4.89,4.96,4.73,4.90,101803
22-Jan-09,4.52,4.98,4.37,4.94,149404
21-Jan-09,4.54,4.78,4.44,4.75,155001
20-Jan-09,4.77,4.77,4.39,4.46,179858
16-Jan-09,4.45,4.81,4.45,4.70,250039
15-Jan-09,4.20,4.57,3.96,4.40,333040
14-Jan-09,4.52,4.53,4.12,4.26,310315
13-Jan-09,4.54,4.68,4.50,4.52,191965
12-Jan-09,4.74,4.75,4.52,4.61,163228
9-Jan-09,4.81,4.84,4.54,4.69,192736
8-Jan-09,4.69,4.80,4.53,4.65,188156
7-Jan-09,4.89,4.92,4.41,4.53,395941
6-Jan-09,4.53,5.07,4.50,4.88,519955
5-Jan-09,4.65,4.68,4.40,4.53,222866
2-Jan-09,4.47,4.89,4.47,4.59,297278
1-Jan-09,4.46,4.46,4.46,4.46,0
31-Dec-08,4.64,4.70,4.30,4.46,341967
30-Dec-08,4.15,4.72,4.11,4.58,453509
29-Dec-08,4.04,4.11,3.96,4.09,135652
26-Dec-08,3.94,4.11,3.80,4.01,203593
25-Dec-08,3.90,3.90,3.90,3.90,0
24-Dec-08,3.96,4.22,3.84,3.90,110620
23-Dec-08,3.36,4.25,3.36,3.96,601917
22-Dec-08,3.40,3.44,3.21,3.37,154768
19-Dec-08,2.94,3.40,2.91,3.37,240604
18-Dec-08,2.96,3.07,2.85,2.92,68963
17-Dec-08,2.90,3.10,2.87,2.98,172393
16-Dec-08,2.83,2.99,2.73,2.87,254779
15-Dec-08,2.85,2.88,2.67,2.70,191969
12-Dec-08,2.81,2.88,2.67,2.88,158626
11-Dec-08,2.75,2.87,2.68,2.81,287594
10-Dec-08,2.65,2.78,2.65,2.75,96829
9-Dec-08,2.68,2.71,2.60,2.61,96706
8-Dec-08,2.85,2.85,2.67,2.70,349019
5-Dec-08,2.78,2.80,2.66,2.80,82295
4-Dec-08,2.75,2.85,2.70,2.76,150643
3-Dec-08,2.72,2.80,2.70,2.73,119457
2-Dec-08,2.85,2.85,2.68,2.81,133565
1-Dec-08,2.89,2.90,2.76,2.83,125813
28-Nov-08,2.80,2.90,2.78,2.90,53653
27-Nov-08,2.85,2.85,2.85,2.85,0
26-Nov-08,2.76,2.86,2.76,2.85,118484
25-Nov-08,2.80,2.85,2.77,2.81,153908
24-Nov-08,2.60,2.71,2.52,2.70,226990
21-Nov-08,3.00,3.06,2.41,2.55,552499
20-Nov-08,3.33,3.33,2.89,2.92,188836
19-Nov-08,3.23,3.43,3.20,3.27,115214
18-Nov-08,3.49,3.52,3.18,3.21,82947
17-Nov-08,3.36,3.53,3.17,3.45,227657
14-Nov-08,3.16,3.45,3.16,3.45,119792
13-Nov-08,3.05,3.30,3.05,3.28,82374
12-Nov-08,3.13,3.21,3.05,3.06,58333
11-Nov-08,3.29,3.29,3.10,3.26,145235
10-Nov-08,3.33,3.43,3.23,3.37,130351
7-Nov-08,3.70,3.70,3.19,3.29,203300
6-Nov-08,3.16,3.55,3.16,3.44,309300
5-Nov-08,3.35,3.35,3.19,3.25,143800
4-Nov-08,3.15,3.35,3.15,3.35,217800
3-Nov-08,3.29,3.40,3.03,3.09,293800
31-Oct-08,3.11,3.35,3.07,3.14,146600
30-Oct-08,3.45,3.45,3.07,3.17,214800
29-Oct-08,3.21,3.50,3.19,3.39,129500
28-Oct-08,3.26,3.26,2.95,3.19,84900
27-Oct-08,3.22,3.22,3.02,3.10,71400
24-Oct-08,3.20,3.29,3.04,3.23,69700
23-Oct-08,3.58,3.63,3.25,3.41,205100
22-Oct-08,3.63,3.63,3.50,3.51,45200
21-Oct-08,3.51,3.68,3.45,3.65,99300
20-Oct-08,3.61,3.66,3.47,3.49,44000
17-Oct-08,3.36,3.55,3.36,3.48,99700
16-Oct-08,3.49,3.83,3.34,3.42,297700
15-Oct-08,3.75,3.76,3.49,3.55,124000
14-Oct-08,4.28,4.29,3.70,3.91,148200
13-Oct-08,3.66,4.04,3.60,4.01,172500
10-Oct-08,3.20,3.71,2.70,3.41,360600
9-Oct-08,3.62,3.62,3.20,3.34,154300
8-Oct-08,3.60,3.87,3.45,3.50,244400
7-Oct-08,4.18,4.33,3.62,3.65,281800
6-Oct-08,4.71,4.89,3.85,3.99,535000
3-Oct-08,5.40,5.40,4.62,4.71,320500
2-Oct-08,5.72,5.79,5.31,5.33,135800
1-Oct-08,5.90,5.94,5.66,5.75,103700
30-Sep-08,5.67,6.02,5.66,5.92,223800
29-Sep-08,6.36,6.38,5.58,5.99,292500
26-Sep-08,6.39,6.56,6.31,6.50,90800
25-Sep-08,6.51,6.70,6.45,6.55,149700
24-Sep-08,6.48,6.70,6.48,6.53,79500
23-Sep-08,6.65,6.70,6.46,6.47,102300
22-Sep-08,6.88,7.50,6.45,6.51,508100
19-Sep-08,6.85,6.99,6.68,6.86,182100
18-Sep-08,6.30,6.79,6.30,6.71,214200
17-Sep-08,6.51,6.56,6.10,6.26,229800
16-Sep-08,6.76,6.76,6.31,6.54,323400
15-Sep-08,6.59,6.83,6.51,6.65,158000
12-Sep-08,6.42,6.78,6.40,6.77,134700
11-Sep-08,6.57,6.58,6.32,6.45,236500
10-Sep-08,6.74,6.75,6.38,6.63,295900
9-Sep-08,7.00,7.05,6.65,6.74,174900
8-Sep-08,7.15,7.15,7.03,7.06,117300
5-Sep-08,6.97,7.07,6.94,7.02,156000
4-Sep-08,7.06,7.07,6.96,7.07,52100
3-Sep-08,7.09,7.20,7.02,7.16,90800
2-Sep-08,7.34,7.34,7.01,7.14,81600
29-Aug-08,7.06,7.24,7.06,7.23,65200
28-Aug-08,7.06,7.13,7.05,7.12,41100
27-Aug-08,6.81,7.14,6.78,7.05,250900
26-Aug-08,6.93,6.93,6.77,6.84,106600
25-Aug-08,7.03,7.04,6.80,6.87,98900
22-Aug-08,7.04,7.07,6.99,7.06,57900
21-Aug-08,7.01,7.13,7.00,7.04,86200
20-Aug-08,7.07,7.14,7.00,7.09,114100
19-Aug-08,7.23,7.33,7.06,7.09,70100
18-Aug-08,7.36,7.37,7.25,7.30,116900
15-Aug-08,7.36,7.49,7.27,7.36,148700
14-Aug-08,7.23,7.51,7.23,7.48,134400
13-Aug-08,7.38,7.39,7.25,7.29,129700
12-Aug-08,7.54,7.59,7.35,7.39,152400
11-Aug-08,7.49,7.63,7.39,7.59,214300
8-Aug-08,7.44,7.46,7.31,7.36,185600
7-Aug-08,7.38,7.69,7.10,7.50,548200
6-Aug-08,7.70,7.89,7.50,7.83,410700
5-Aug-08,7.59,7.80,7.54,7.66,200300
4-Aug-08,7.58,7.82,7.51,7.52,283700
1-Aug-08,7.67,7.68,7.51,7.59,81500
31-Jul-08,7.80,7.80,7.62,7.69,142400
30-Jul-08,7.70,7.73,7.50,7.64,91900
29-Jul-08,7.56,7.88,7.52,7.54,153700
28-Jul-08,7.76,7.93,7.66,7.66,189600
25-Jul-08,7.81,7.88,7.56,7.73,290800
24-Jul-08,7.76,7.82,7.60,7.66,129200
23-Jul-08,7.82,7.86,7.60,7.79,196400
22-Jul-08,7.76,7.89,7.50,7.80,266100
21-Jul-08,8.09,8.09,7.70,7.77,535600
18-Jul-08,7.49,8.28,7.42,7.76,1470400
17-Jul-08,7.04,7.41,6.95,7.36,332800
16-Jul-08,6.61,6.92,6.60,6.88,115500
15-Jul-08,6.73,6.77,6.55,6.60,130800
14-Jul-08,6.65,6.73,6.57,6.73,96300
11-Jul-08,6.60,6.68,6.40,6.56,111500
10-Jul-08,6.71,6.88,6.58,6.67,110900
9-Jul-08,6.50,6.73,6.50,6.61,114100
8-Jul-08,6.51,6.55,6.31,6.49,100400
7-Jul-08,6.36,6.53,6.36,6.47,152400
3-Jul-08,6.50,6.56,6.29,6.29,97500
2-Jul-08,6.76,6.91,6.30,6.51,338000
1-Jul-08,6.75,6.89,6.61,6.76,64800
30-Jun-08,6.57,6.92,6.57,6.84,175900
27-Jun-08,6.51,6.78,6.51,6.61,101100
26-Jun-08,7.02,7.10,6.52,6.57,308300
25-Jun-08,7.03,7.17,7.01,7.11,166700
24-Jun-08,7.16,7.16,7.00,7.02,104800
23-Jun-08,7.11,7.28,7.04,7.14,83200
20-Jun-08,7.54,7.54,7.12,7.16,94800
19-Jun-08,7.55,7.63,7.29,7.31,145300
18-Jun-08,7.21,7.41,7.20,7.39,119000
17-Jun-08,7.16,7.33,7.15,7.26,96000
16-Jun-08,7.03,7.20,7.02,7.17,118800
13-Jun-08,7.11,7.25,7.03,7.08,85000
12-Jun-08,7.19,7.26,7.00,7.03,106800
11-Jun-08,7.35,7.35,6.98,7.07,300400
10-Jun-08,7.45,7.45,7.20,7.21,75900
9-Jun-08,7.43,7.49,7.23,7.38,111900
6-Jun-08,7.60,7.60,7.32,7.45,169000
5-Jun-08,7.49,7.65,7.42,7.59,180400
4-Jun-08,7.24,7.49,7.24,7.49,143400
3-Jun-08,7.23,7.31,7.19,7.29,94700
2-Jun-08,7.30,7.30,7.05,7.11,65400
30-May-08,7.32,7.38,7.13,7.23,99600
29-May-08,7.34,7.44,7.24,7.30,173200
28-May-08,7.08,7.24,7.08,7.18,47100
27-May-08,7.05,7.20,7.04,7.08,69500
23-May-08,7.10,7.22,7.05,7.15,82600
22-May-08,7.03,7.19,7.01,7.14,161400
21-May-08,7.26,7.30,7.00,7.03,122200
20-May-08,7.37,7.37,7.16,7.23,128100
19-May-08,7.47,7.69,7.32,7.38,143500
16-May-08,7.25,7.74,7.20,7.49,440500
15-May-08,7.07,7.26,6.98,7.25,206000
14-May-08,7.17,7.17,7.00,7.06,112700
13-May-08,6.95,7.32,6.95,7.11,214000
12-May-08,7.00,7.36,6.95,7.09,227800
9-May-08,7.31,7.36,6.95,7.22,625600
8-May-08,7.19,7.19,6.95,6.96,111000
7-May-08,7.39,7.39,7.02,7.15,195100
6-May-08,6.75,7.53,6.75,7.11,492500
5-May-08,6.66,6.74,6.65,6.68,81500
2-May-08,6.72,6.75,6.61,6.63,68600
1-May-08,6.69,6.74,6.53,6.69,44100
30-Apr-08,6.46,6.64,6.46,6.62,79200
29-Apr-08,6.55,6.60,6.45,6.52,67100
28-Apr-08,6.55,6.66,6.51,6.55,73700
25-Apr-08,6.67,6.67,6.57,6.58,42500
24-Apr-08,6.68,6.71,6.51,6.68,96900
23-Apr-08,6.61,6.71,6.59,6.67,29200
22-Apr-08,6.75,6.83,6.61,6.62,89500
21-Apr-08,6.74,6.89,6.68,6.80,60900
18-Apr-08,6.92,7.04,6.72,6.76,253500
17-Apr-08,6.57,6.80,6.56,6.77,338600
16-Apr-08,6.67,6.92,6.56,6.90,306300
15-Apr-08,6.97,6.97,6.55,6.60,161600
14-Apr-08,6.95,7.15,6.69,6.69,199500
11-Apr-08,7.01,7.07,6.85,6.98,126400
10-Apr-08,6.98,7.05,6.88,6.90,42900
9-Apr-08,6.96,7.08,6.93,6.93,77900
8-Apr-08,7.03,7.18,6.85,6.86,127300
7-Apr-08,7.09,7.14,6.94,7.10,59400
4-Apr-08,7.01,7.15,6.97,7.09,121900
3-Apr-08,7.01,7.09,6.85,7.01,104000
2-Apr-08,7.09,7.09,6.85,7.01,91900
1-Apr-08,7.15,7.20,6.85,6.98,170500
31-Mar-08,7.00,7.16,6.89,6.97,84500
28-Mar-08,7.18,7.30,6.91,6.93,127400
27-Mar-08,7.20,7.34,7.06,7.18,234000
26-Mar-08,7.14,7.20,7.02,7.04,88100
25-Mar-08,6.90,7.20,6.80,7.17,198400
24-Mar-08,6.52,7.19,6.52,6.90,510900
20-Mar-08,6.34,6.34,6.17,6.28,97100
19-Mar-08,6.43,6.57,6.24,6.25,167000
18-Mar-08,6.84,6.84,6.23,6.52,216100
17-Mar-08,6.50,6.56,6.30,6.55,276000
14-Mar-08,6.65,6.83,6.40,6.62,236200
13-Mar-08,6.62,6.80,6.60,6.74,171800
12-Mar-08,6.87,6.90,6.49,6.85,181500
11-Mar-08,6.55,6.73,6.48,6.69,206300
10-Mar-08,6.53,6.91,6.47,6.47,258700
7-Mar-08,6.02,6.35,6.00,6.35,125600
6-Mar-08,6.40,6.40,6.00,6.04,106800
5-Mar-08,6.45,6.46,6.32,6.40,105300
4-Mar-08,6.37,6.41,6.16,6.39,94600
3-Mar-08,6.29,6.47,6.20,6.32,136500
29-Feb-08,6.54,6.60,6.25,6.36,201400
28-Feb-08,6.77,6.78,6.61,6.63,87200
27-Feb-08,6.98,6.99,6.75,6.78,104400
26-Feb-08,6.92,7.05,6.88,6.94,86700
25-Feb-08,7.06,7.08,6.80,6.92,127900
22-Feb-08,7.18,7.18,6.95,7.04,112300
21-Feb-08,7.39,7.39,7.14,7.23,116600
20-Feb-08,7.30,7.39,7.14,7.34,129300
19-Feb-08,7.26,7.36,7.00,7.33,405200
15-Feb-08,7.18,7.32,7.11,7.25,265200
14-Feb-08,7.13,7.27,7.04,7.27,170400
13-Feb-08,7.07,7.15,7.00,7.15,144800
12-Feb-08,7.03,7.20,6.60,7.05,647300
11-Feb-08,7.05,7.10,6.99,7.03,146900
8-Feb-08,6.79,7.10,6.76,7.09,222000
7-Feb-08,6.82,6.86,6.70,6.83,163200
6-Feb-08,6.83,6.94,6.75,6.82,138500
5-Feb-08,6.89,7.07,6.78,6.81,207200
4-Feb-08,7.19,7.19,6.92,7.07,308100
1-Feb-08,6.83,7.36,6.80,7.23,508900
31-Jan-08,6.57,6.84,6.45,6.78,302200
30-Jan-08,6.70,6.80,6.51,6.71,565400
29-Jan-08,5.84,6.71,5.84,6.70,1076600
28-Jan-08,5.90,6.00,5.81,5.87,286500
25-Jan-08,5.90,5.91,5.82,5.90,384100
24-Jan-08,5.90,5.91,5.80,5.86,446500
23-Jan-08,5.97,5.97,5.63,5.90,204600
22-Jan-08,5.31,6.08,5.31,5.92,407000
18-Jan-08,6.00,6.15,5.86,6.10,360900
17-Jan-08,5.70,6.17,5.68,6.07,582200
16-Jan-08,5.45,5.64,5.33,5.57,223700
15-Jan-08,5.56,5.62,5.27,5.38,247300
14-Jan-08,5.83,5.83,5.46,5.61,338900
11-Jan-08,5.94,5.96,5.75,5.83,130200
10-Jan-08,6.05,6.10,5.80,5.92,316500
9-Jan-08,6.10,6.14,5.56,5.87,441000
8-Jan-08,6.20,6.21,6.02,6.07,252100
7-Jan-08,6.20,6.28,6.00,6.12,652400
4-Jan-08,6.46,6.46,5.89,5.98,503500
3-Jan-08,6.55,6.59,6.27,6.38,299800
2-Jan-08,6.80,6.80,6.42,6.42,895600
31-Dec-07,6.58,6.82,6.50,6.82,213700
28-Dec-07,6.75,6.82,6.58,6.62,184500
27-Dec-07,6.74,6.83,6.60,6.70,169700
26-Dec-07,6.65,6.80,6.61,6.74,186500
24-Dec-07,6.91,6.91,6.51,6.74,249500
21-Dec-07,6.70,6.83,6.63,6.83,404300
20-Dec-07,6.82,6.82,6.51,6.68,379500
19-Dec-07,6.72,7.04,6.61,6.89,324400
18-Dec-07,7.04,7.19,6.73,6.86,578600
17-Dec-07,6.63,7.07,6.60,6.84,602600
14-Dec-07,6.35,6.63,6.35,6.61,507600
13-Dec-07,6.49,6.70,6.35,6.35,544100
12-Dec-07,6.67,6.70,6.05,6.38,1024400
11-Dec-07,6.73,6.95,6.39,6.54,701200
10-Dec-07,7.01,7.20,6.53,6.70,1924700
7-Dec-07,6.36,7.94,6.35,7.32,8845200
6-Dec-07,4.60,4.67,4.52,4.64,83500
5-Dec-07,4.48,4.70,4.48,4.63,110000
4-Dec-07,4.59,4.60,4.41,4.48,161600
3-Dec-07,4.70,4.76,4.63,4.64,189400
30-Nov-07,4.56,4.78,4.56,4.68,157500
29-Nov-07,4.63,4.71,4.41,4.55,147500
28-Nov-07,4.54,4.75,4.54,4.67,127100
27-Nov-07,4.70,4.80,4.52,4.52,123400
26-Nov-07,5.00,5.00,4.65,4.70,175000
23-Nov-07,4.87,4.98,4.77,4.98,89600
21-Nov-07,4.80,4.88,4.69,4.80,106000
20-Nov-07,4.75,5.02,4.70,4.81,388900
19-Nov-07,4.75,4.79,4.55,4.65,180800
16-Nov-07,4.53,4.66,4.51,4.66,163100
15-Nov-07,4.60,4.68,4.50,4.54,90800
14-Nov-07,4.73,4.80,4.39,4.51,452000
13-Nov-07,4.13,4.43,4.08,4.35,372000
12-Nov-07,4.34,4.34,4.05,4.15,110100
9-Nov-07,4.40,4.40,4.13,4.34,233700
8-Nov-07,4.70,4.70,4.40,4.43,283400
7-Nov-07,4.70,4.87,4.60,4.76,86900
6-Nov-07,4.80,4.88,4.70,4.76,71000
5-Nov-07,5.14,5.18,4.80,4.83,172000
2-Nov-07,5.18,5.24,5.13,5.20,172900
1-Nov-07,5.10,5.22,5.00,5.18,260700
31-Oct-07,5.14,5.20,5.00,5.15,401200
30-Oct-07,4.86,5.20,4.85,5.15,663100
29-Oct-07,4.76,4.80,4.69,4.77,103500
26-Oct-07,4.62,4.82,4.58,4.78,218100
25-Oct-07,4.66,4.66,4.50,4.65,103600
24-Oct-07,4.68,4.71,4.47,4.61,117000
23-Oct-07,4.68,4.73,4.51,4.64,128200
22-Oct-07,4.50,4.77,4.36,4.63,304500
19-Oct-07,4.48,4.48,4.28,4.31,95600
18-Oct-07,4.56,4.61,4.43,4.45,83600
17-Oct-07,4.61,4.65,4.50,4.52,116200
16-Oct-07,4.45,4.54,4.35,4.37,90200
15-Oct-07,4.57,4.58,4.37,4.43,89700
12-Oct-07,4.69,4.69,4.52,4.54,99700
11-Oct-07,4.66,4.67,4.55,4.60,110700
10-Oct-07,4.75,4.75,4.58,4.68,99500
9-Oct-07,4.69,4.85,4.61,4.72,270900
8-Oct-07,4.80,4.86,4.69,4.71,176100
5-Oct-07,4.60,5.08,4.35,4.86,963000
4-Oct-07,4.52,4.58,4.47,4.56,121000
3-Oct-07,4.46,4.57,4.39,4.55,105100
2-Oct-07,4.29,4.55,4.21,4.50,245100
1-Oct-07,4.17,4.26,4.17,4.23,119600
28-Sep-07,4.09,4.22,4.08,4.20,98900
27-Sep-07,4.02,4.16,4.02,4.12,208400
26-Sep-07,4.11,4.12,4.03,4.04,132300
25-Sep-07,4.22,4.22,4.09,4.11,106200
24-Sep-07,4.20,4.21,4.14,4.20,79700
21-Sep-07,4.11,4.20,4.11,4.16,80100
20-Sep-07,4.19,4.26,4.07,4.14,75900
19-Sep-07,4.28,4.41,4.19,4.22,238600
18-Sep-07,3.96,4.20,3.96,4.14,178600
17-Sep-07,4.11,4.17,3.87,3.87,195200
14-Sep-07,4.12,4.19,4.10,4.15,98200
13-Sep-07,4.19,4.19,4.09,4.15,93500
12-Sep-07,4.19,4.19,3.98,4.06,239700
11-Sep-07,4.37,4.39,4.09,4.14,130500
10-Sep-07,4.56,4.56,4.29,4.32,127600
7-Sep-07,4.63,4.69,4.45,4.46,149400
6-Sep-07,4.70,4.80,4.65,4.67,119900
5-Sep-07,4.50,4.82,4.39,4.77,238900
4-Sep-07,4.69,4.73,4.50,4.56,387400
31-Aug-07,4.74,4.76,4.55,4.66,471900
30-Aug-07,4.63,4.76,4.48,4.66,479900
29-Aug-07,4.40,4.78,4.36,4.71,512700
28-Aug-07,4.26,4.60,4.23,4.33,716500
27-Aug-07,4.10,4.41,4.05,4.27,605800
24-Aug-07,3.87,4.03,3.87,3.99,308500
23-Aug-07,3.97,3.97,3.81,3.89,254900
22-Aug-07,3.90,3.90,3.72,3.72,169600
21-Aug-07,3.80,3.84,3.76,3.78,151700
20-Aug-07,3.95,3.99,3.81,3.81,143200
17-Aug-07,3.95,4.01,3.82,3.94,215000
16-Aug-07,3.89,3.94,3.75,3.84,251400
15-Aug-07,4.15,4.15,3.87,3.95,328200
14-Aug-07,4.06,4.20,3.81,4.18,423400
13-Aug-07,4.03,4.10,3.85,4.08,526300
10-Aug-07,4.10,4.18,3.78,3.85,1512000
9-Aug-07,4.53,4.69,4.36,4.42,605400
8-Aug-07,4.65,4.75,4.63,4.75,302800
7-Aug-07,4.61,4.70,4.59,4.65,149700
6-Aug-07,4.75,4.80,4.50,4.66,186700
3-Aug-07,4.87,5.00,4.80,4.82,427100
2-Aug-07,4.94,5.01,4.78,4.84,287800
1-Aug-07,5.05,5.11,4.93,4.96,850000
31-Jul-07,5.09,5.17,4.99,5.04,317600
30-Jul-07,4.88,5.06,4.83,5.06,364200
27-Jul-07,4.98,4.98,4.76,4.85,237300
26-Jul-07,5.07,5.07,4.89,4.99,340500
25-Jul-07,4.97,5.14,4.82,5.04,671600
24-Jul-07,5.03,5.03,4.87,4.90,395000
23-Jul-07,5.08,5.21,4.90,4.98,1023900
20-Jul-07,4.85,4.98,4.54,4.85,1528400
19-Jul-07,4.45,4.50,4.36,4.40,247800
18-Jul-07,4.50,4.55,4.41,4.44,282000
17-Jul-07,4.51,4.66,4.48,4.50,220700
16-Jul-07,4.57,4.65,4.44,4.55,398400
13-Jul-07,4.55,4.55,4.44,4.44,145800
12-Jul-07,4.56,4.56,4.43,4.43,160200
11-Jul-07,4.60,4.69,4.42,4.48,580200
10-Jul-07,4.21,4.72,4.21,4.63,725000
9-Jul-07,4.26,4.30,4.26,4.26,148500
6-Jul-07,4.30,4.33,4.26,4.26,194800
5-Jul-07,4.18,4.36,4.17,4.25,348300
3-Jul-07,4.21,4.34,4.15,4.20,176400
2-Jul-07,4.32,4.35,4.10,4.32,302000
29-Jun-07,4.24,4.30,4.20,4.22,120900
28-Jun-07,4.32,4.33,4.24,4.24,117200
27-Jun-07,4.39,4.39,4.20,4.32,226500
26-Jun-07,4.19,4.39,4.19,4.36,335700
25-Jun-07,4.20,4.25,4.15,4.19,134300
22-Jun-07,4.39,4.39,4.17,4.17,186700
21-Jun-07,4.35,4.39,4.30,4.31,111800
20-Jun-07,4.29,4.37,4.28,4.37,255900
19-Jun-07,4.25,4.39,4.22,4.30,345000
18-Jun-07,4.27,4.27,4.20,4.25,103200
15-Jun-07,4.19,4.26,4.18,4.22,124500
14-Jun-07,4.25,4.25,4.17,4.19,152700
13-Jun-07,4.23,4.25,4.05,4.16,276600
12-Jun-07,4.30,4.30,4.17,4.18,291100
11-Jun-07,4.29,4.33,4.26,4.27,283600
8-Jun-07,4.30,4.36,4.22,4.30,366400
7-Jun-07,4.37,4.43,4.27,4.29,182600
6-Jun-07,4.47,4.50,4.37,4.38,262100
5-Jun-07,4.53,4.56,4.48,4.50,181700
4-Jun-07,4.54,4.54,4.50,4.53,141700
1-Jun-07,4.50,4.56,4.50,4.52,330400
31-May-07,4.52,4.55,4.44,4.50,167300
30-May-07,4.41,4.58,4.41,4.52,375000
29-May-07,4.64,4.64,4.38,4.46,440800
25-May-07,4.76,4.77,4.55,4.67,194900
24-May-07,4.75,4.83,4.58,4.63,236500
23-May-07,4.89,4.89,4.70,4.72,259900
22-May-07,4.55,4.93,4.55,4.83,422200
21-May-07,4.91,4.93,4.51,4.51,614800
18-May-07,5.00,5.00,4.92,4.95,457200
17-May-07,5.00,5.00,4.92,4.95,534000
16-May-07,5.01,5.04,4.88,4.95,491800
15-May-07,4.96,5.02,4.93,4.95,424600
14-May-07,5.13,5.13,4.94,4.94,203200
11-May-07,5.11,5.17,4.97,5.02,393000
10-May-07,5.23,5.31,5.12,5.20,194800
9-May-07,5.42,5.42,5.22,5.35,235900
8-May-07,5.35,5.45,5.24,5.42,364800
7-May-07,5.64,5.65,5.22,5.31,619700
4-May-07,5.32,5.68,5.20,5.47,1304000
3-May-07,5.29,5.40,5.11,5.17,466100
2-May-07,5.05,5.21,5.05,5.21,357700
1-May-07,5.15,5.15,4.95,5.02,393100
30-Apr-07,5.25,5.34,5.06,5.10,356600
27-Apr-07,5.22,5.35,5.22,5.30,250800
26-Apr-07,5.28,5.39,5.20,5.30,394900
25-Apr-07,5.10,5.33,5.09,5.28,612400
24-Apr-07,4.98,5.06,4.98,5.01,110700
23-Apr-07,5.01,5.10,4.97,4.98,218900
20-Apr-07,5.06,5.06,4.97,5.02,317800
19-Apr-07,4.99,5.08,4.95,5.05,255000
18-Apr-07,5.00,5.04,4.92,4.96,319100
17-Apr-07,4.80,5.03,4.74,4.93,708500
16-Apr-07,4.60,4.71,4.51,4.66,406500
13-Apr-07,4.34,4.76,4.18,4.59,755900
12-Apr-07,4.26,4.28,4.11,4.16,368000
11-Apr-07,4.36,4.38,4.30,4.30,283800
10-Apr-07,4.30,4.39,4.12,4.39,811500
9-Apr-07,4.86,4.88,4.35,4.38,1190700
5-Apr-07,4.88,4.98,4.81,4.87,320800
4-Apr-07,4.98,5.13,4.95,5.00,504800
3-Apr-07,5.14,5.14,4.91,5.02,427700
2-Apr-07,5.03,5.14,5.00,5.12,118000
30-Mar-07,4.92,5.12,4.91,5.04,552700
29-Mar-07,5.16,5.19,4.88,5.04,964300
28-Mar-07,5.38,5.40,5.29,5.37,214000
27-Mar-07,5.40,5.43,5.35,5.38,188900
26-Mar-07,5.35,5.44,5.25,5.40,264500
23-Mar-07,5.42,5.47,5.31,5.36,370700
22-Mar-07,5.50,5.50,5.36,5.40,410700
21-Mar-07,5.28,5.52,5.28,5.48,988500
20-Mar-07,5.01,5.29,5.01,5.26,422600
19-Mar-07,4.98,5.09,4.98,5.01,369900
16-Mar-07,4.80,5.12,4.75,5.00,1085800
15-Mar-07,5.29,5.29,4.95,4.99,795600
14-Mar-07,5.25,5.29,4.85,5.28,686000
13-Mar-07,5.10,5.40,5.09,5.25,1196100
12-Mar-07,4.90,5.10,4.85,5.08,1383700
9-Mar-07,4.60,4.65,4.50,4.62,317500
8-Mar-07,4.36,4.55,4.35,4.52,581300
7-Mar-07,4.40,4.40,4.26,4.32,608700
6-Mar-07,4.42,4.45,4.29,4.30,506000
5-Mar-07,4.31,4.45,4.21,4.30,425300
2-Mar-07,4.46,4.50,4.30,4.37,224200
1-Mar-07,4.46,4.52,4.25,4.43,436900
28-Feb-07,4.51,4.59,4.48,4.57,455800
27-Feb-07,4.65,4.74,4.40,4.47,666900
26-Feb-07,4.70,4.77,4.65,4.75,404300
23-Feb-07,4.57,4.70,4.56,4.63,363400
22-Feb-07,4.61,4.65,4.55,4.62,310900
21-Feb-07,4.50,4.65,4.49,4.61,480200
20-Feb-07,4.65,4.69,4.45,4.50,682700
16-Feb-07,4.31,4.60,4.22,4.58,1005400
15-Feb-07,4.09,4.35,4.05,4.34,740400
14-Feb-07,4.06,4.08,4.03,4.05,403300
13-Feb-07,4.04,4.05,4.00,4.01,141700
12-Feb-07,3.94,4.09,3.94,4.00,358700
9-Feb-07,3.97,4.03,3.92,3.94,297200
8-Feb-07,3.96,3.99,3.92,3.94,115900
7-Feb-07,4.05,4.05,3.92,3.94,251700
6-Feb-07,3.93,3.95,3.92,3.92,162700
5-Feb-07,3.97,3.97,3.91,3.92,104200
2-Feb-07,3.97,3.97,3.92,3.94,129900
1-Feb-07,3.91,3.98,3.89,3.93,287600
31-Jan-07,3.93,3.93,3.88,3.90,189100
30-Jan-07,3.86,3.92,3.86,3.90,142600
29-Jan-07,3.87,3.92,3.86,3.88,135000
26-Jan-07,3.87,3.92,3.85,3.87,409200
25-Jan-07,3.87,3.92,3.85,3.85,251300
24-Jan-07,3.93,4.00,3.87,3.88,350800
23-Jan-07,4.09,4.10,3.93,3.95,337600
22-Jan-07,3.98,4.09,3.93,3.95,501900
19-Jan-07,3.90,3.97,3.87,3.94,246000
18-Jan-07,3.98,4.02,3.87,3.90,398100
17-Jan-07,4.05,4.06,3.97,3.99,372600
16-Jan-07,3.96,4.05,3.95,4.04,665500
12-Jan-07,3.80,3.94,3.79,3.90,566700
11-Jan-07,3.71,3.83,3.65,3.77,975400
10-Jan-07,3.73,3.97,3.63,3.68,1736300
9-Jan-07,3.62,3.66,3.61,3.63,127100
8-Jan-07,3.75,3.75,3.62,3.64,248300
5-Jan-07,3.75,3.75,3.66,3.69,278900
4-Jan-07,3.79,3.79,3.65,3.71,394900
3-Jan-07,3.83,3.89,3.66,3.67,625400
29-Dec-06,3.71,3.82,3.68,3.76,686400
28-Dec-06,3.60,3.73,3.56,3.72,502500
27-Dec-06,3.59,3.65,3.55,3.62,463700
26-Dec-06,3.56,3.60,3.49,3.52,440100
22-Dec-06,3.64,3.65,3.45,3.58,839200
21-Dec-06,3.70,3.74,3.60,3.66,322700
20-Dec-06,3.58,3.67,3.56,3.66,552200
19-Dec-06,3.70,3.78,3.60,3.60,834000
18-Dec-06,3.68,3.76,3.55,3.71,2072300
15-Dec-06,4.25,4.27,4.00,4.07,725400
14-Dec-06,3.97,4.28,3.95,4.20,1797400
13-Dec-06,3.84,3.96,3.80,3.90,806300
12-Dec-06,3.84,3.84,3.72,3.79,511600
11-Dec-06,3.81,3.82,3.73,3.75,708100
8-Dec-06,3.85,3.86,3.68,3.71,1074500
7-Dec-06,3.43,3.88,3.42,3.81,1639300
6-Dec-06,3.38,3.42,3.38,3.42,430100
5-Dec-06,3.42,3.45,3.35,3.40,975300
4-Dec-06,3.32,3.40,3.32,3.38,375700
1-Dec-06,3.40,3.41,3.32,3.34,418100
30-Nov-06,3.40,3.42,3.35,3.38,638200
29-Nov-06,3.38,3.43,3.38,3.39,284700
28-Nov-06,3.40,3.45,3.38,3.40,475000
27-Nov-06,3.40,3.45,3.37,3.39,387900
24-Nov-06,3.40,3.45,3.38,3.44,329900
22-Nov-06,3.43,3.45,3.38,3.38,845800
21-Nov-06,3.45,3.48,3.41,3.41,619500
20-Nov-06,3.48,3.49,3.41,3.41,247000
17-Nov-06,3.50,3.50,3.43,3.45,396200
16-Nov-06,3.50,3.51,3.46,3.47,296900
15-Nov-06,3.44,3.50,3.44,3.46,415300
14-Nov-06,3.51,3.53,3.37,3.40,603800
13-Nov-06,3.58,3.58,3.46,3.47,650300
10-Nov-06,3.67,3.67,3.36,3.50,1660600
9-Nov-06,4.00,4.02,3.35,3.39,5143300
8-Nov-06,4.74,4.85,4.71,4.84,300800
7-Nov-06,4.70,4.77,4.63,4.76,293400
6-Nov-06,4.76,4.77,4.68,4.68,309100
3-Nov-06,4.72,4.79,4.70,4.78,138200
2-Nov-06,4.74,4.82,4.66,4.73,244700
1-Nov-06,4.88,4.90,4.75,4.77,277000
31-Oct-06,4.86,4.90,4.80,4.89,229700
30-Oct-06,4.76,4.90,4.76,4.86,337800
27-Oct-06,4.80,4.82,4.76,4.77,248800
26-Oct-06,4.78,4.80,4.76,4.77,258300
25-Oct-06,4.78,4.85,4.74,4.77,336400
24-Oct-06,4.88,4.88,4.75,4.79,509500
23-Oct-06,5.00,5.00,4.85,4.87,358400
20-Oct-06,4.98,5.04,4.96,4.99,179800
19-Oct-06,4.96,5.05,4.95,4.98,243200
18-Oct-06,5.10,5.10,4.95,4.97,240200
17-Oct-06,5.06,5.10,4.97,5.06,216900
16-Oct-06,5.01,5.15,5.00,5.02,274100
13-Oct-06,5.06,5.12,5.00,5.04,204400
12-Oct-06,5.20,5.20,5.04,5.07,335600
11-Oct-06,4.93,5.15,4.88,5.10,614700
10-Oct-06,4.84,4.93,4.76,4.90,235300
9-Oct-06,4.82,4.88,4.75,4.79,195300
6-Oct-06,4.82,4.85,4.75,4.83,188900
5-Oct-06,4.86,4.94,4.81,4.84,163000
4-Oct-06,4.82,4.87,4.80,4.82,272300
3-Oct-06,4.79,4.88,4.76,4.85,265100
2-Oct-06,4.91,4.91,4.76,4.82,154400
29-Sep-06,4.97,4.98,4.84,4.89,177300
28-Sep-06,4.96,5.00,4.81,5.00,303200
27-Sep-06,4.85,4.97,4.77,4.96,445100
26-Sep-06,4.70,4.88,4.70,4.82,349400
25-Sep-06,4.82,4.83,4.62,4.79,380500
22-Sep-06,4.90,4.90,4.72,4.74,362900
21-Sep-06,5.00,5.04,4.85,4.90,284200
20-Sep-06,5.06,5.08,4.95,4.95,398100
19-Sep-06,5.24,5.24,5.00,5.01,447400
18-Sep-06,5.10,5.27,5.08,5.18,606500
15-Sep-06,5.10,5.14,5.05,5.06,335000
14-Sep-06,5.30,5.34,5.03,5.06,738000
13-Sep-06,5.05,5.33,4.96,5.27,2906900
12-Sep-06,4.79,4.80,4.68,4.79,272700
11-Sep-06,4.80,4.84,4.70,4.73,334700
8-Sep-06,4.63,4.80,4.57,4.76,425500
7-Sep-06,4.55,4.65,4.53,4.64,328100
6-Sep-06,4.60,4.66,4.53,4.53,418400
5-Sep-06,4.65,4.78,4.59,4.65,703900
1-Sep-06,4.54,4.68,4.52,4.65,566100
31-Aug-06,4.67,4.67,4.48,4.56,790000
30-Aug-06,4.70,4.70,4.58,4.62,502700
29-Aug-06,4.62,4.68,4.57,4.60,611900
28-Aug-06,4.61,4.72,4.55,4.62,888800
25-Aug-06,4.58,4.65,4.51,4.56,1154000
24-Aug-06,4.76,4.81,4.43,4.60,2583100
23-Aug-06,5.32,5.40,4.79,4.85,2647700
22-Aug-06,5.61,5.66,5.41,5.44,665600
21-Aug-06,5.72,5.82,5.58,5.65,469900
18-Aug-06,5.71,5.75,5.64,5.72,937000
17-Aug-06,5.53,5.71,5.50,5.62,926300
16-Aug-06,5.57,5.71,5.50,5.53,924700
15-Aug-06,5.75,5.75,5.50,5.59,1082100
14-Aug-06,6.02,6.08,5.65,5.66,1774600
11-Aug-06,5.89,6.08,5.71,6.05,3118300
10-Aug-06,5.94,6.00,5.48,5.73,13099300
9-Aug-06,9.80,10.24,9.60,9.63,1471500
8-Aug-06,10.04,10.10,9.79,9.85,753900
7-Aug-06,10.23,10.23,9.95,10.00,308500
4-Aug-06,10.21,10.40,10.18,10.23,285900
3-Aug-06,10.50,10.50,10.20,10.22,535100
2-Aug-06,10.68,10.74,10.50,10.51,319700
1-Aug-06,10.80,10.80,10.52,10.70,245900
31-Jul-06,10.80,10.87,10.46,10.80,468500
28-Jul-06,10.84,11.00,10.65,10.80,387900
27-Jul-06,10.52,10.92,10.50,10.67,1517200
26-Jul-06,9.96,10.12,9.82,10.04,591300
25-Jul-06,10.07,10.07,9.67,9.96,476800
24-Jul-06,10.20,10.22,10.03,10.12,391300
21-Jul-06,10.04,10.21,9.80,10.09,325000
20-Jul-06,10.13,10.19,10.03,10.07,304400
19-Jul-06,9.90,10.17,9.74,10.10,744900
18-Jul-06,9.38,9.90,9.35,9.82,834200
17-Jul-06,9.21,9.45,9.10,9.40,397900
14-Jul-06,9.15,9.25,9.10,9.24,602700
13-Jul-06,9.19,9.19,8.97,9.17,395300
12-Jul-06,9.03,9.15,8.92,9.15,203900
11-Jul-06,8.85,9.00,8.67,8.96,291000
10-Jul-06,8.86,9.02,8.80,8.91,208300
7-Jul-06,8.96,8.96,8.79,8.82,280300
6-Jul-06,8.80,8.99,8.70,8.93,431000
5-Jul-06,9.05,9.05,8.72,8.83,556100
3-Jul-06,9.15,9.21,8.99,9.10,205300
30-Jun-06,9.00,9.16,9.00,9.16,471700
29-Jun-06,9.00,9.15,8.89,8.98,385200
28-Jun-06,8.75,8.95,8.65,8.93,296800
27-Jun-06,8.67,8.91,8.58,8.72,165900
26-Jun-06,8.45,8.85,8.45,8.67,225100
23-Jun-06,8.37,8.50,8.36,8.47,160100
22-Jun-06,8.28,8.44,8.26,8.40,108500
21-Jun-06,8.35,8.41,8.29,8.30,213600
20-Jun-06,8.26,8.33,8.25,8.31,201500
19-Jun-06,8.42,8.45,8.25,8.28,202500
16-Jun-06,8.43,8.45,8.36,8.42,151200
15-Jun-06,8.36,8.60,8.32,8.46,175800
14-Jun-06,8.27,8.49,8.23,8.38,119800
13-Jun-06,8.66,8.69,8.17,8.30,557900
12-Jun-06,9.00,9.02,8.67,8.71,330700
9-Jun-06,8.73,9.01,8.73,9.00,178300
8-Jun-06,8.79,8.88,8.65,8.76,256300
7-Jun-06,8.82,8.83,8.68,8.68,284100
6-Jun-06,9.04,9.15,8.82,8.84,280400
5-Jun-06,9.17,9.17,8.96,9.03,209900
2-Jun-06,9.12,9.30,9.03,9.12,149000
1-Jun-06,9.15,9.17,9.05,9.13,65200
31-May-06,9.05,9.20,9.05,9.17,120400
30-May-06,9.13,9.27,8.98,9.00,296200
26-May-06,8.87,8.96,8.82,8.95,47100
25-May-06,8.73,8.88,8.72,8.83,80900
24-May-06,8.96,9.05,8.59,8.75,238800
23-May-06,8.90,9.02,8.80,8.98,150900
22-May-06,8.94,9.02,8.74,8.88,182100
19-May-06,8.95,9.00,8.82,8.92,219700
18-May-06,9.12,9.16,8.90,8.97,514900
17-May-06,9.21,9.23,9.03,9.10,334400
16-May-06,9.28,9.32,9.15,9.24,135500
15-May-06,9.28,9.33,9.03,9.20,434200
12-May-06,9.45,9.47,9.31,9.33,225000
11-May-06,9.67,9.67,9.43,9.45,476400
10-May-06,9.46,9.68,9.38,9.67,606000
9-May-06,9.59,9.77,9.40,9.45,971300
8-May-06,9.72,9.92,9.60,9.77,636500
5-May-06,9.69,9.75,9.51,9.65,561200
4-May-06,9.82,9.89,9.67,9.69,619000
3-May-06,9.81,9.92,9.75,9.86,390900
2-May-06,10.06,10.06,9.79,9.91,353600
1-May-06,9.68,10.11,9.51,10.06,1061500
28-Apr-06,9.94,10.03,9.93,9.97,181600
27-Apr-06,9.87,10.03,9.86,10.01,175300
26-Apr-06,9.95,9.98,9.85,9.88,204400
25-Apr-06,9.92,10.02,9.89,9.97,331100
24-Apr-06,9.99,10.05,9.93,9.93,317900
21-Apr-06,9.90,10.07,9.90,10.05,262400
20-Apr-06,10.00,10.07,9.84,9.90,368000
19-Apr-06,10.00,10.07,9.97,10.00,391500
18-Apr-06,10.11,10.11,10.00,10.00,345100
17-Apr-06,10.08,10.20,9.97,9.99,296700
13-Apr-06,10.02,10.14,10.02,10.12,222100
12-Apr-06,10.01,10.09,10.00,10.04,248800
11-Apr-06,10.15,10.16,10.03,10.04,264200
10-Apr-06,10.00,10.25,10.00,10.12,323200
7-Apr-06,10.10,10.15,10.00,10.01,282200
6-Apr-06,10.12,10.15,10.06,10.11,215400
5-Apr-06,10.21,10.38,10.11,10.15,334000
4-Apr-06,10.21,10.29,10.17,10.24,225600
3-Apr-06,10.27,10.34,10.15,10.24,235400
31-Mar-06,10.19,10.27,10.13,10.15,436700
30-Mar-06,10.09,10.18,10.02,10.13,349400
29-Mar-06,10.07,10.14,9.93,10.10,487400
28-Mar-06,10.10,10.15,9.90,10.09,871900
27-Mar-06,10.25,10.25,10.08,10.11,522500
24-Mar-06,10.29,10.30,10.17,10.19,405700
23-Mar-06,10.33,10.35,10.20,10.28,388300
22-Mar-06,10.43,10.43,10.15,10.22,625500
21-Mar-06,10.38,10.45,10.25,10.37,933400
20-Mar-06,10.36,10.43,10.19,10.35,940300
17-Mar-06,10.14,10.35,10.10,10.31,526800
16-Mar-06,10.50,10.57,10.14,10.15,1265800
15-Mar-06,10.70,10.75,10.50,10.52,1241000
14-Mar-06,10.76,10.85,10.62,10.70,554200
13-Mar-06,10.74,10.86,10.50,10.85,770900
10-Mar-06,10.59,10.75,10.50,10.67,1721500
9-Mar-06,10.54,10.95,10.05,10.35,7308800
8-Mar-06,9.17,9.52,9.08,9.50,416000
7-Mar-06,9.35,9.46,9.12,9.14,321700
6-Mar-06,9.37,9.55,9.20,9.33,269300
3-Mar-06,9.24,9.40,9.18,9.30,230700
2-Mar-06,9.25,9.45,9.20,9.24,227900
1-Mar-06,9.10,9.25,9.08,9.18,347700
28-Feb-06,9.30,9.34,9.10,9.10,286200
27-Feb-06,9.81,9.85,9.25,9.35,610600
24-Feb-06,9.72,9.90,9.45,9.81,582600
23-Feb-06,9.30,10.03,9.25,9.68,1141700
22-Feb-06,8.82,9.37,8.82,9.34,1145900
21-Feb-06,8.59,8.93,8.55,8.84,820900
17-Feb-06,8.32,8.94,8.32,8.60,1438000
16-Feb-06,7.77,7.86,7.77,7.82,209200
15-Feb-06,7.81,7.90,7.75,7.79,173400
14-Feb-06,7.75,7.90,7.66,7.81,406000
13-Feb-06,7.71,7.83,7.65,7.70,149000
10-Feb-06,8.00,8.00,7.60,7.67,583600
9-Feb-06,8.17,8.17,7.95,7.98,347600
8-Feb-06,8.10,8.10,7.87,8.04,773800
7-Feb-06,8.30,8.30,8.01,8.01,428200
6-Feb-06,8.20,8.35,8.20,8.29,429300
3-Feb-06,8.32,8.42,8.19,8.29,466800
2-Feb-06,8.35,8.44,8.26,8.35,471700
1-Feb-06,8.27,8.35,8.20,8.35,572200
31-Jan-06,8.10,8.27,8.07,8.15,498700
30-Jan-06,8.19,8.27,8.10,8.12,369100
27-Jan-06,8.23,8.30,8.06,8.20,1338000
26-Jan-06,7.79,8.02,7.57,8.02,2050600
25-Jan-06,7.67,7.70,7.37,7.50,436200
24-Jan-06,7.37,7.71,7.36,7.62,580800
23-Jan-06,7.50,7.60,7.38,7.39,406600
20-Jan-06,7.50,7.65,7.47,7.51,327000
19-Jan-06,7.43,7.68,7.41,7.51,294400
18-Jan-06,7.50,7.58,7.41,7.46,210100
17-Jan-06,7.70,7.79,7.50,7.54,394000
13-Jan-06,7.81,7.81,7.60,7.75,517400
12-Jan-06,7.79,7.90,7.50,7.75,369300
11-Jan-06,7.80,7.82,7.55,7.72,355400
10-Jan-06,7.85,7.91,7.70,7.76,445900
9-Jan-06,7.35,7.98,7.32,7.82,908900
6-Jan-06,7.60,7.70,7.29,7.38,498400
5-Jan-06,7.40,7.63,7.40,7.63,605300
4-Jan-06,7.28,7.48,7.25,7.40,934300
3-Jan-06,7.18,7.28,7.14,7.22,510300
30-Dec-05,7.00,7.10,6.98,7.06,388600
29-Dec-05,7.10,7.13,6.98,7.00,490600
28-Dec-05,7.05,7.20,7.02,7.10,501800
27-Dec-05,7.32,7.35,7.05,7.05,645200
23-Dec-05,7.09,7.35,7.02,7.32,630400
22-Dec-05,7.10,7.33,7.01,7.13,826900
21-Dec-05,7.64,7.72,7.00,7.17,1945900
20-Dec-05,7.59,7.70,7.35,7.59,630500
19-Dec-05,8.29,8.29,7.35,7.61,1930400
16-Dec-05,8.29,8.35,8.10,8.27,302700
15-Dec-05,8.07,8.30,8.07,8.25,524200
14-Dec-05,8.00,8.15,7.93,8.13,352400
13-Dec-05,8.00,8.12,7.96,8.00,448800
12-Dec-05,8.01,8.13,7.90,8.03,410000
9-Dec-05,8.05,8.10,7.91,7.97,474400
8-Dec-05,8.11,8.22,8.08,8.10,468400
7-Dec-05,8.18,8.18,8.02,8.10,374900
6-Dec-05,8.20,8.24,8.00,8.07,814800
5-Dec-05,8.45,8.47,8.15,8.20,464600
2-Dec-05,8.55,8.55,8.41,8.41,487500
1-Dec-05,8.54,8.65,8.50,8.57,245600
30-Nov-05,8.66,8.79,8.37,8.55,613700
29-Nov-05,8.97,8.99,8.63,8.72,354200
28-Nov-05,8.92,8.95,8.75,8.84,383800
25-Nov-05,8.84,8.92,8.80,8.92,90300
23-Nov-05,8.93,8.98,8.73,8.87,388500
22-Nov-05,8.80,8.93,8.75,8.87,226900
21-Nov-05,9.08,9.11,8.66,8.87,773000
18-Nov-05,9.03,9.12,8.90,9.04,878400
17-Nov-05,8.56,8.96,8.55,8.92,788200
16-Nov-05,8.75,8.75,8.46,8.55,411600
15-Nov-05,8.97,8.97,8.61,8.68,577400
14-Nov-05,8.61,8.85,8.50,8.81,868500
11-Nov-05,8.29,8.51,8.29,8.48,210600
10-Nov-05,8.42,8.50,8.20,8.29,227500
9-Nov-05,8.50,8.50,8.40,8.40,205300
8-Nov-05,8.50,8.53,8.38,8.50,282000
7-Nov-05,8.33,8.54,8.29,8.51,801000
4-Nov-05,8.02,8.39,8.01,8.30,1729600
3-Nov-05,8.80,8.90,7.91,8.02,3332000
2-Nov-05,9.05,9.06,8.86,8.99,602300
1-Nov-05,9.06,9.21,8.80,8.85,687700
31-Oct-05,9.12,9.24,9.05,9.07,489900
28-Oct-05,9.17,9.23,9.05,9.11,317600
27-Oct-05,9.28,9.34,9.08,9.17,610800
26-Oct-05,9.28,9.40,9.14,9.32,590900
25-Oct-05,9.50,9.53,9.17,9.24,394100
24-Oct-05,9.40,9.49,9.35,9.49,386700
21-Oct-05,9.53,9.53,9.31,9.37,159300
20-Oct-05,9.55,9.74,9.45,9.49,227900
19-Oct-05,9.55,9.60,9.37,9.50,190000
18-Oct-05,9.83,9.83,9.60,9.61,251500
17-Oct-05,9.64,9.88,9.64,9.79,263100
14-Oct-05,9.69,9.70,9.47,9.67,319800
13-Oct-05,9.62,9.80,9.50,9.59,372300
12-Oct-05,9.81,9.82,9.65,9.70,273900
11-Oct-05,9.81,9.92,9.76,9.83,170600
10-Oct-05,10.19,10.22,9.73,9.79,419600
7-Oct-05,10.35,10.35,10.10,10.22,219600
6-Oct-05,10.03,10.50,9.94,10.32,571000
5-Oct-05,10.20,10.35,10.05,10.05,260800
4-Oct-05,10.42,10.49,10.20,10.25,604000
3-Oct-05,10.49,10.50,10.21,10.42,689100
30-Sep-05,10.26,10.50,10.15,10.43,587000
29-Sep-05,9.93,10.38,9.88,10.33,991700
28-Sep-05,9.38,9.79,9.36,9.79,817300
27-Sep-05,9.75,9.75,9.27,9.37,639500
26-Sep-05,10.00,10.00,9.62,9.77,793300
23-Sep-05,9.85,9.99,9.83,9.92,200200
22-Sep-05,9.98,10.00,9.85,9.88,327100
21-Sep-05,9.70,9.99,9.55,9.98,617200
20-Sep-05,9.33,9.78,9.33,9.75,574100
19-Sep-05,9.68,9.76,9.29,9.38,402300
16-Sep-05,9.70,9.75,9.57,9.61,361300
15-Sep-05,9.62,9.70,9.41,9.68,495300
14-Sep-05,9.47,9.66,9.35,9.61,929600
13-Sep-05,9.16,9.31,9.08,9.11,236100
12-Sep-05,9.47,9.47,9.11,9.20,421300
9-Sep-05,9.68,9.68,9.36,9.52,262800
8-Sep-05,9.38,9.65,9.35,9.60,373600
7-Sep-05,9.25,9.45,9.25,9.38,436200
6-Sep-05,9.15,9.30,9.12,9.25,427800
2-Sep-05,9.15,9.18,9.01,9.05,336200
1-Sep-05,9.10,9.27,9.06,9.20,380200
31-Aug-05,9.25,9.27,9.00,9.12,658800
30-Aug-05,9.40,9.50,9.15,9.27,514600
29-Aug-05,9.49,9.55,9.39,9.44,328700
26-Aug-05,9.57,9.59,9.40,9.54,196700
25-Aug-05,9.77,9.77,9.40,9.55,318600
24-Aug-05,9.75,9.77,9.60,9.65,217500
23-Aug-05,9.80,9.80,9.69,9.71,470300
22-Aug-05,10.00,10.05,9.63,9.73,614200
19-Aug-05,9.84,10.02,9.65,9.85,539500
18-Aug-05,10.10,10.10,9.58,9.77,743300
17-Aug-05,10.04,10.10,9.92,9.97,343700
16-Aug-05,10.11,10.20,9.99,10.04,571500
15-Aug-05,10.50,10.67,10.23,10.23,953500
12-Aug-05,10.03,10.20,9.78,10.18,561000
11-Aug-05,10.04,10.21,10.03,10.06,561800
10-Aug-05,10.30,10.35,9.90,10.10,864600
9-Aug-05,10.44,10.54,10.15,10.32,315700
8-Aug-05,10.66,10.75,10.40,10.52,410700
5-Aug-05,10.60,10.79,10.40,10.75,679000
4-Aug-05,10.02,10.62,10.02,10.53,791500
3-Aug-05,10.29,10.35,10.01,10.33,921300
2-Aug-05,10.45,10.58,10.16,10.29,1057300
1-Aug-05,10.21,10.45,10.15,10.40,280000
29-Jul-05,10.41,10.50,10.12,10.16,662900
28-Jul-05,10.44,10.62,10.35,10.46,283100
27-Jul-05,10.65,10.73,10.21,10.39,492400
26-Jul-05,10.43,10.63,10.16,10.61,325900
25-Jul-05,10.75,10.75,10.23,10.30,716000
22-Jul-05,10.95,11.07,10.58,10.59,373400
21-Jul-05,11.00,11.10,10.86,11.01,400900
20-Jul-05,11.00,11.03,10.75,11.00,450300
19-Jul-05,10.70,11.07,10.58,10.99,1261700
18-Jul-05,10.37,10.69,10.15,10.68,498900
15-Jul-05,10.30,10.37,10.11,10.37,539600
14-Jul-05,10.35,10.45,10.08,10.19,1734000
13-Jul-05,9.76,10.12,9.75,10.00,508500
12-Jul-05,9.95,9.99,9.68,9.77,396200
11-Jul-05,10.03,10.10,9.85,9.88,485700
8-Jul-05,9.93,10.09,9.88,10.03,489200
7-Jul-05,9.68,10.11,9.68,9.84,355400
6-Jul-05,9.75,10.00,9.70,9.90,544600
5-Jul-05,9.86,9.95,9.69,9.72,522200
1-Jul-05,9.95,10.00,9.82,9.93,255600
30-Jun-05,10.15,10.20,9.91,9.94,520800
29-Jun-05,10.19,10.37,10.13,10.18,390000
28-Jun-05,10.00,10.26,9.87,10.24,488200
27-Jun-05,9.97,9.99,9.78,9.90,316100
24-Jun-05,9.88,9.93,9.73,9.83,317600
23-Jun-05,10.20,10.30,9.72,9.83,944000
22-Jun-05,10.46,10.54,10.16,10.19,576700
21-Jun-05,10.67,10.67,10.35,10.45,302000
20-Jun-05,10.44,10.82,10.28,10.57,732800
17-Jun-05,10.45,10.71,10.32,10.44,634700
16-Jun-05,10.64,10.74,10.31,10.52,751700
15-Jun-05,10.25,10.64,10.23,10.56,580200
14-Jun-05,10.40,10.48,10.12,10.30,615400
13-Jun-05,10.65,10.65,10.30,10.42,419800
10-Jun-05,10.62,10.84,10.37,10.55,1052900
9-Jun-05,10.19,10.66,9.91,10.62,1121000
8-Jun-05,9.60,10.16,9.51,10.16,1283800
7-Jun-05,9.48,9.63,9.38,9.49,788500
6-Jun-05,10.00,10.00,9.34,9.43,1385900
3-Jun-05,10.11,10.26,9.82,9.99,587800
2-Jun-05,9.98,10.24,9.69,10.24,779600
1-Jun-05,9.59,10.04,9.31,9.96,1140400
31-May-05,9.09,9.63,8.80,9.56,994400
27-May-05,9.09,9.19,8.99,9.04,243700
26-May-05,9.10,9.24,8.99,9.09,372500
25-May-05,9.00,9.08,8.74,9.01,263700
24-May-05,9.15,9.15,8.89,8.90,285800
23-May-05,9.35,9.40,9.10,9.18,337900
20-May-05,9.02,9.44,8.95,9.28,610000
19-May-05,8.78,9.23,8.53,9.10,1107900
18-May-05,8.35,8.78,8.32,8.69,530600
17-May-05,8.30,8.52,8.30,8.37,471800
16-May-05,8.35,8.49,8.22,8.41,584600
13-May-05,8.25,8.47,8.21,8.42,800100
12-May-05,8.05,8.29,8.02,8.29,499200
11-May-05,8.25,8.25,7.96,8.05,773700
10-May-05,8.13,8.37,7.99,8.00,785400
9-May-05,8.39,8.49,8.14,8.22,895700
6-May-05,8.91,9.00,8.03,8.20,2696900
5-May-05,9.50,9.62,8.21,8.95,3419400
4-May-05,9.15,9.45,9.00,9.42,1581700
3-May-05,8.54,8.83,8.41,8.80,714400
2-May-05,8.11,8.67,8.01,8.60,1425900
29-Apr-05,7.99,8.11,7.62,7.80,1569200
28-Apr-05,8.87,8.92,7.77,7.78,2345900
27-Apr-05,9.18,9.20,8.85,8.88,941900
26-Apr-05,9.45,9.48,9.17,9.20,362000
25-Apr-05,9.01,9.43,8.96,9.35,536300
22-Apr-05,9.25,9.30,8.91,9.02,347200
21-Apr-05,9.18,9.30,9.05,9.27,348300
20-Apr-05,9.46,9.49,9.00,9.13,417900
19-Apr-05,9.40,9.45,9.25,9.30,266000
18-Apr-05,9.25,9.44,9.10,9.25,554200
15-Apr-05,9.60,9.60,9.17,9.31,360200
14-Apr-05,9.57,9.66,9.10,9.57,541400
13-Apr-05,9.96,10.05,9.53,9.60,520000
12-Apr-05,9.73,10.00,9.68,9.98,434500
11-Apr-05,10.08,10.08,9.68,9.83,801800
8-Apr-05,10.10,10.19,9.83,9.91,1375900
7-Apr-05,9.55,9.85,9.50,9.85,889600
6-Apr-05,9.05,9.48,9.05,9.45,669900
5-Apr-05,9.18,9.40,8.99,9.05,978700
4-Apr-05,9.15,9.20,8.90,9.11,690000
1-Apr-05,9.37,9.53,9.12,9.20,1188600
31-Mar-05,9.05,9.32,9.05,9.24,541000
30-Mar-05,8.97,9.10,8.90,8.99,335800
29-Mar-05,9.12,9.22,8.92,8.99,673700
28-Mar-05,9.50,9.94,9.13,9.17,459100
24-Mar-05,8.94,9.65,8.85,9.50,1396000
23-Mar-05,9.08,9.10,8.66,8.79,651600
22-Mar-05,9.20,9.36,8.91,9.08,764000
21-Mar-05,8.97,9.31,8.68,9.25,1205400
18-Mar-05,9.96,9.96,8.96,9.08,1492700
17-Mar-05,9.56,10.04,9.56,9.91,1610900
16-Mar-05,10.44,10.44,9.52,9.60,1629100
15-Mar-05,10.25,10.49,10.20,10.40,605200
14-Mar-05,10.15,10.34,10.05,10.17,807100
11-Mar-05,10.34,10.40,10.10,10.10,1950800
10-Mar-05,10.79,11.00,10.02,10.64,3686800
9-Mar-05,10.55,10.57,10.07,10.09,1441800
8-Mar-05,11.11,11.28,10.42,10.46,1694300
7-Mar-05,11.15,11.20,10.88,10.90,495800
4-Mar-05,11.08,11.42,10.95,11.06,866900
3-Mar-05,10.81,11.07,10.73,10.88,268400
2-Mar-05,10.99,11.00,10.75,10.81,528800
1-Mar-05,10.97,11.12,10.75,11.00,561900
28-Feb-05,10.96,11.09,10.59,10.76,703300
25-Feb-05,11.24,11.25,10.38,11.00,1514800
24-Feb-05,10.14,11.64,10.13,11.30,2803900
23-Feb-05,10.55,10.85,10.15,10.18,1195000
22-Feb-05,11.58,11.67,10.41,10.43,1575000
18-Feb-05,11.50,11.90,11.43,11.68,437200
17-Feb-05,11.83,11.83,11.45,11.56,496800
16-Feb-05,11.73,11.83,11.50,11.75,371100
15-Feb-05,11.57,12.05,11.57,11.75,895200
14-Feb-05,11.30,11.74,11.30,11.63,523900
11-Feb-05,11.93,11.98,11.27,11.34,884800
10-Feb-05,11.42,12.45,11.42,11.81,1815400
9-Feb-05,11.55,11.85,11.40,11.44,1223800
8-Feb-05,11.84,11.91,11.11,11.36,1693000
7-Feb-05,11.65,12.18,11.35,11.91,3190100
4-Feb-05,10.80,11.46,10.74,11.30,2757900
3-Feb-05,10.08,10.50,9.90,10.32,1701500
2-Feb-05,10.00,10.26,9.95,10.02,939100
1-Feb-05,9.98,10.10,9.85,9.93,567900
31-Jan-05,9.40,10.03,9.40,10.02,1319600
28-Jan-05,9.35,9.45,9.21,9.37,427900
27-Jan-05,9.59,9.63,9.42,9.43,522400
26-Jan-05,9.94,10.10,9.36,9.56,878700
25-Jan-05,10.02,10.17,9.81,9.97,764200
24-Jan-05,9.93,9.98,9.79,9.85,465000
21-Jan-05,9.74,10.00,9.72,9.89,631000
20-Jan-05,9.63,10.06,9.62,9.72,791300
19-Jan-05,10.12,10.29,9.57,9.81,1320800
18-Jan-05,9.77,10.16,9.65,10.13,2337300
14-Jan-05,9.23,10.03,9.19,9.53,3774800
13-Jan-05,8.90,9.39,8.86,9.22,2125600
12-Jan-05,8.91,8.91,8.55,8.66,871800
11-Jan-05,8.25,8.90,8.24,8.79,2571700
10-Jan-05,7.91,8.30,7.91,8.27,825300
7-Jan-05,8.04,8.15,7.75,7.86,640600
6-Jan-05,8.07,8.08,7.84,8.00,376300
5-Jan-05,7.73,8.05,7.64,7.84,1110100
4-Jan-05,8.05,8.21,7.69,7.84,618200
3-Jan-05,8.35,8.35,7.69,8.07,763900
31-Dec-04,8.41,8.41,8.21,8.25,216600
30-Dec-04,8.30,8.33,8.20,8.27,170000
29-Dec-04,8.28,8.49,8.23,8.26,375300
28-Dec-04,8.35,8.44,8.23,8.39,432800
27-Dec-04,8.21,8.29,8.10,8.28,312000
23-Dec-04,8.19,8.35,8.10,8.18,501700
22-Dec-04,8.22,8.22,7.91,8.05,503800
21-Dec-04,8.16,8.33,8.12,8.18,419900
20-Dec-04,8.45,8.50,8.02,8.10,624500
17-Dec-04,8.21,8.50,8.18,8.50,561200
16-Dec-04,8.25,8.26,8.00,8.16,1167300
15-Dec-04,8.12,8.27,8.10,8.16,569600
14-Dec-04,8.41,8.55,8.19,8.25,2072100
13-Dec-04,8.10,8.44,7.90,8.22,2189900
10-Dec-04,8.07,8.17,7.52,7.57,1244100
9-Dec-04,8.22,8.25,8.05,8.11,230100
8-Dec-04,8.35,8.37,8.05,8.25,402400
7-Dec-04,8.49,8.51,8.27,8.35,410700
6-Dec-04,8.37,8.50,8.25,8.40,560300
3-Dec-04,8.25,8.35,8.15,8.35,482500
2-Dec-04,8.19,8.27,8.06,8.25,600800
1-Dec-04,8.27,8.50,8.25,8.29,501900
30-Nov-04,8.35,8.45,8.20,8.30,719800
29-Nov-04,8.20,8.47,8.12,8.35,1236000
26-Nov-04,8.61,8.70,7.77,8.17,959600
24-Nov-04,8.18,8.56,8.12,8.55,2042600
23-Nov-04,7.66,8.17,7.60,8.05,1553300
22-Nov-04,7.15,7.65,7.11,7.54,852300
19-Nov-04,7.21,7.30,7.09,7.11,432000
18-Nov-04,7.29,7.33,7.19,7.25,213200
17-Nov-04,7.19,7.39,7.15,7.29,505200
16-Nov-04,7.13,7.21,7.07,7.14,406600
15-Nov-04,7.12,7.27,6.98,7.07,646200
12-Nov-04,7.10,7.16,6.89,7.05,733600
11-Nov-04,7.21,7.30,7.01,7.11,497100
10-Nov-04,7.15,7.25,7.02,7.19,559900
9-Nov-04,6.95,7.26,6.90,7.10,487100
8-Nov-04,7.17,7.24,6.89,6.92,443600
5-Nov-04,7.22,7.48,7.10,7.14,717000
4-Nov-04,7.05,7.29,6.87,7.22,582200
3-Nov-04,7.04,7.10,6.76,7.02,612100
2-Nov-04,6.89,7.10,6.87,6.99,1256700
1-Nov-04,6.50,6.98,6.47,6.86,974000
29-Oct-04,6.55,6.65,6.35,6.49,1217100
28-Oct-04,6.01,6.56,5.95,6.43,3109700
27-Oct-04,5.56,5.60,5.39,5.52,236100
26-Oct-04,5.70,5.72,5.54,5.55,253300
25-Oct-04,5.48,5.73,5.40,5.67,167200
22-Oct-04,5.47,5.57,5.45,5.52,166000
21-Oct-04,5.12,5.59,5.12,5.52,1163500
20-Oct-04,5.27,5.36,5.06,5.16,439300
19-Oct-04,5.45,5.46,5.27,5.29,163500
18-Oct-04,5.30,5.44,5.30,5.43,151800
15-Oct-04,5.53,5.60,5.29,5.40,369600
14-Oct-04,5.59,5.78,5.50,5.53,355200
13-Oct-04,5.67,5.76,5.58,5.62,174900
12-Oct-04,5.77,5.79,5.60,5.62,178800
11-Oct-04,5.86,5.95,5.78,5.80,136900
8-Oct-04,6.00,6.04,5.90,5.92,160400
7-Oct-04,5.85,6.00,5.85,6.00,313100
6-Oct-04,5.78,5.90,5.75,5.87,128300
5-Oct-04,5.88,5.95,5.74,5.83,111200
4-Oct-04,5.65,5.93,5.62,5.90,273800
1-Oct-04,5.60,5.70,5.60,5.65,321500
30-Sep-04,5.73,5.78,5.61,5.63,156800
29-Sep-04,5.72,5.85,5.65,5.73,182800
28-Sep-04,5.62,5.80,5.58,5.69,141400
27-Sep-04,5.62,5.69,5.51,5.64,179000
24-Sep-04,5.98,6.04,5.65,5.72,333500
23-Sep-04,6.01,6.09,5.94,6.01,505800
22-Sep-04,6.09,6.11,5.94,6.02,342200
21-Sep-04,6.00,6.11,5.94,6.05,538300
20-Sep-04,5.95,6.14,5.87,5.99,870000
17-Sep-04,5.80,5.92,5.74,5.87,524400
16-Sep-04,5.46,5.95,5.46,5.77,606500
15-Sep-04,5.49,5.58,5.40,5.55,380800
14-Sep-04,5.45,5.58,5.38,5.48,163200
13-Sep-04,5.52,5.58,5.41,5.48,274100
10-Sep-04,5.56,5.59,5.37,5.39,276200
9-Sep-04,5.32,5.43,5.25,5.39,184600
8-Sep-04,5.55,5.55,5.37,5.37,325400
7-Sep-04,5.45,5.72,5.37,5.43,775500
3-Sep-04,4.98,5.25,4.98,5.18,186700
2-Sep-04,4.98,5.07,4.95,5.02,106700
1-Sep-04,5.11,5.17,4.99,4.99,98400
31-Aug-04,5.17,5.21,5.08,5.13,52600
30-Aug-04,5.24,5.25,5.10,5.18,93200
27-Aug-04,5.32,5.36,5.22,5.25,134600
26-Aug-04,5.39,5.40,5.25,5.32,162800
25-Aug-04,5.16,5.40,5.15,5.35,510400
24-Aug-04,4.78,5.16,4.75,5.06,320700
23-Aug-04,4.65,4.77,4.55,4.77,224600
20-Aug-04,4.69,4.77,4.65,4.65,153800
19-Aug-04,4.81,4.96,4.69,4.70,176200
18-Aug-04,4.81,4.98,4.81,4.93,116100
17-Aug-04,4.75,4.93,4.69,4.86,176800
16-Aug-04,4.76,4.93,4.73,4.77,167700
13-Aug-04,4.83,4.89,4.75,4.80,223500
12-Aug-04,4.97,5.00,4.71,4.85,269100
11-Aug-04,4.83,5.17,4.72,4.91,639100
10-Aug-04,4.82,4.95,4.57,4.95,804300
9-Aug-04,4.69,4.90,4.44,4.63,848900
6-Aug-04,4.35,4.44,4.30,4.38,327900
5-Aug-04,4.33,4.49,4.30,4.36,457800
4-Aug-04,4.53,4.53,4.22,4.27,378400
3-Aug-04,4.35,4.52,4.35,4.44,296100
2-Aug-04,4.51,4.59,4.41,4.44,209700
30-Jul-04,4.69,4.70,4.50,4.50,402800
29-Jul-04,4.52,4.71,4.52,4.66,543600
28-Jul-04,4.50,4.61,4.32,4.56,412400
27-Jul-04,4.69,4.83,4.39,4.56,1146300
26-Jul-04,5.06,5.10,4.62,4.67,993800
23-Jul-04,5.15,5.22,5.01,5.10,169600
22-Jul-04,5.25,5.35,5.11,5.15,351100
21-Jul-04,5.25,5.40,5.25,5.37,517900
20-Jul-04,5.12,5.33,5.11,5.30,291000
19-Jul-04,5.39,5.46,5.13,5.18,307800
16-Jul-04,5.46,5.50,5.34,5.37,223200
15-Jul-04,5.51,5.54,5.38,5.47,187600
14-Jul-04,5.43,5.51,5.37,5.43,207700
13-Jul-04,5.56,5.58,5.45,5.47,202700
12-Jul-04,5.62,5.65,5.44,5.53,159700
9-Jul-04,5.56,5.70,5.53,5.70,177900
8-Jul-04,5.68,5.84,5.48,5.51,291800
7-Jul-04,5.87,6.01,5.69,5.72,1090000
6-Jul-04,5.72,5.73,5.57,5.65,389800
2-Jul-04,5.41,5.60,5.41,5.51,510400
1-Jul-04,5.55,5.64,5.35,5.38,481100
30-Jun-04,5.23,5.94,5.20,5.53,1643400
29-Jun-04,5.36,5.40,5.16,5.19,747300
28-Jun-04,5.54,5.56,5.34,5.36,364000
25-Jun-04,5.66,5.75,5.35,5.56,489200
24-Jun-04,5.50,5.64,5.47,5.59,378600
23-Jun-04,5.49,5.50,5.30,5.45,360600
22-Jun-04,5.42,5.50,5.25,5.46,609000
21-Jun-04,5.38,5.50,5.35,5.47,262100
18-Jun-04,5.50,5.65,5.40,5.41,392100
17-Jun-04,5.79,5.80,5.48,5.55,570100
16-Jun-04,5.76,5.88,5.76,5.78,419100
15-Jun-04,5.81,5.88,5.69,5.75,219600
14-Jun-04,5.85,5.98,5.70,5.78,554700
10-Jun-04,6.35,6.47,5.83,5.95,2521500
9-Jun-04,5.39,6.22,5.35,6.20,2127900
8-Jun-04,5.49,5.50,5.31,5.38,368600
7-Jun-04,5.51,5.54,5.25,5.47,497600
4-Jun-04,5.30,5.50,5.21,5.45,427600
3-Jun-04,5.38,5.45,5.17,5.19,666000
2-Jun-04,5.60,5.60,5.35,5.44,731700
1-Jun-04,5.76,5.76,5.47,5.58,775000
28-May-04,5.38,5.60,5.38,5.54,519600
27-May-04,5.38,5.45,5.26,5.40,508400
26-May-04,5.20,5.47,5.10,5.30,611400
25-May-04,5.03,5.22,5.01,5.21,480100
24-May-04,5.12,5.15,5.01,5.03,597800
21-May-04,5.30,5.35,5.03,5.04,595200
20-May-04,5.46,5.67,5.40,5.45,359300
19-May-04,5.82,5.82,5.47,5.50,493800
18-May-04,5.37,5.72,5.36,5.70,846100
17-May-04,4.97,5.47,4.84,5.41,1896300
14-May-04,5.28,5.28,4.81,5.06,959300
13-May-04,4.79,5.43,4.71,5.18,2709800
12-May-04,4.30,4.35,4.17,4.35,185300
11-May-04,4.29,4.40,4.19,4.30,394800
10-May-04,4.10,4.21,4.04,4.19,720800
7-May-04,4.41,4.60,4.17,4.20,888600
6-May-04,4.92,4.92,4.36,4.40,1105800
5-May-04,4.85,4.95,4.78,4.85,289500
4-May-04,4.96,4.96,4.70,4.95,448400
3-May-04,4.93,5.04,4.85,4.97,905300
30-Apr-04,5.14,5.15,4.76,4.97,548400
29-Apr-04,5.15,5.25,4.97,5.10,535800
28-Apr-04,5.19,5.35,5.07,5.15,360000
27-Apr-04,5.40,5.52,5.22,5.30,549200
26-Apr-04,5.28,5.56,5.15,5.51,1333400
23-Apr-04,4.98,5.24,4.96,5.18,709000
22-Apr-04,4.86,5.00,4.81,5.00,716300
21-Apr-04,4.82,4.94,4.77,4.84,897100
20-Apr-04,4.99,5.00,4.73,4.90,947400
19-Apr-04,4.75,5.15,4.75,4.99,2277800
16-Apr-04,5.10,5.25,5.05,5.24,499500
15-Apr-04,5.28,5.30,4.91,5.06,698600
14-Apr-04,5.45,5.54,5.16,5.25,1143000
13-Apr-04,5.64,5.69,5.45,5.50,432800
12-Apr-04,5.65,5.74,5.55,5.64,455000
8-Apr-04,5.78,5.82,5.55,5.58,509400
7-Apr-04,5.86,5.95,5.70,5.75,457300
6-Apr-04,5.90,6.00,5.85,5.90,257100
5-Apr-04,5.83,5.96,5.80,5.95,286600
2-Apr-04,5.85,5.97,5.76,5.83,475300
1-Apr-04,5.82,5.87,5.75,5.81,509700
31-Mar-04,5.89,5.90,5.75,5.89,249700
30-Mar-04,5.73,5.88,5.60,5.87,813300
29-Mar-04,6.21,6.25,5.77,5.80,760500
26-Mar-04,6.19,6.19,6.00,6.10,157800
25-Mar-04,5.94,6.09,5.94,6.05,201000
24-Mar-04,6.10,6.12,5.95,5.96,168300
23-Mar-04,6.06,6.19,5.92,6.02,380000
22-Mar-04,6.09,6.12,6.00,6.02,578900
19-Mar-04,5.90,6.12,5.83,6.07,478800
18-Mar-04,6.13,6.14,5.75,5.77,929800
17-Mar-04,6.25,6.35,6.00,6.00,942600
16-Mar-04,6.23,6.57,6.20,6.24,1217800
15-Mar-04,6.49,6.49,6.10,6.25,1420400
12-Mar-04,6.24,6.37,6.13,6.36,961600
11-Mar-04,6.35,6.37,6.05,6.08,1117200
10-Mar-04,6.35,6.48,6.23,6.37,1874400
9-Mar-04,7.04,7.22,6.21,6.33,4045400
8-Mar-04,7.45,7.69,7.38,7.46,1239300
5-Mar-04,7.20,7.45,7.13,7.37,663500
4-Mar-04,7.02,7.16,7.00,7.14,518100
3-Mar-04,7.10,7.12,6.91,7.02,738900
2-Mar-04,7.11,7.18,7.03,7.09,492700
1-Mar-04,7.18,7.23,7.12,7.17,354300
27-Feb-04,7.14,7.24,7.07,7.17,725200
26-Feb-04,7.15,7.20,7.09,7.12,482500
25-Feb-04,7.16,7.22,7.08,7.13,464300
24-Feb-04,7.05,7.19,6.98,7.15,645200
23-Feb-04,7.39,7.46,6.98,7.03,814000
20-Feb-04,7.57,7.65,7.25,7.30,427900
19-Feb-04,7.69,7.77,7.55,7.56,261800
18-Feb-04,7.61,7.75,7.52,7.56,435900
17-Feb-04,7.65,7.80,7.57,7.61,437300
13-Feb-04,7.77,7.79,7.44,7.73,556500
12-Feb-04,7.55,7.83,7.52,7.69,669400
11-Feb-04,7.13,7.57,7.10,7.55,931000
10-Feb-04,7.28,7.30,7.05,7.10,374700
9-Feb-04,7.09,7.28,7.05,7.19,362700
6-Feb-04,6.83,7.12,6.83,7.05,540900
5-Feb-04,6.95,7.05,6.75,6.82,660300
4-Feb-04,6.85,6.99,6.71,6.81,563900
3-Feb-04,7.04,7.15,6.55,6.80,1269000
2-Feb-04,7.26,7.37,7.01,7.07,656300
30-Jan-04,7.20,7.38,7.16,7.28,447800
29-Jan-04,7.10,7.25,7.05,7.15,730200
28-Jan-04,7.05,7.19,7.05,7.14,807400
27-Jan-04,7.33,7.41,7.11,7.12,704200
26-Jan-04,7.36,7.40,7.17,7.36,733900
23-Jan-04,7.74,7.74,7.20,7.37,1455800
22-Jan-04,7.95,8.05,7.69,7.75,312000
21-Jan-04,7.98,7.99,7.88,7.91,217200
20-Jan-04,7.93,8.10,7.90,7.97,266800
16-Jan-04,8.00,8.19,7.95,8.04,337100
15-Jan-04,8.00,8.14,7.75,8.07,470600
14-Jan-04,8.05,8.19,7.98,8.03,296000
13-Jan-04,8.18,8.20,7.96,8.09,217300
12-Jan-04,7.97,8.23,7.84,8.09,495800
9-Jan-04,8.01,8.16,7.90,7.97,528100
8-Jan-04,8.36,8.36,7.95,8.12,509200
7-Jan-04,8.08,8.35,8.04,8.26,1243700
6-Jan-04,7.94,8.09,7.89,7.96,550600
5-Jan-04,7.99,8.10,7.87,7.96,345900
2-Jan-04,8.08,8.19,7.92,7.96,242800
31-Dec-03,8.31,8.31,7.85,7.91,310800
30-Dec-03,8.11,8.25,8.10,8.18,284300
29-Dec-03,8.12,8.23,8.05,8.19,317500
26-Dec-03,8.09,8.19,8.07,8.14,88100
24-Dec-03,8.28,8.28,8.01,8.13,201900
23-Dec-03,8.03,8.20,8.00,8.11,426800
22-Dec-03,7.85,8.03,7.74,8.01,509500
19-Dec-03,8.00,8.00,7.69,7.71,497100
18-Dec-03,7.37,8.02,7.32,7.87,2235800
17-Dec-03,7.00,7.30,6.98,7.15,289700
16-Dec-03,7.06,7.17,6.84,6.98,617400
15-Dec-03,7.69,7.69,7.02,7.12,669700
12-Dec-03,7.50,7.69,7.34,7.39,312100
11-Dec-03,7.05,7.75,6.97,7.50,579400
10-Dec-03,7.27,7.30,6.90,7.02,711700
9-Dec-03,7.43,7.55,7.00,7.28,1197300
8-Dec-03,7.69,7.70,7.38,7.50,514200
5-Dec-03,7.80,7.80,7.50,7.67,639300
4-Dec-03,7.81,7.93,7.61,7.79,460600
3-Dec-03,8.28,8.28,7.75,7.86,547100
2-Dec-03,8.27,8.30,7.89,7.94,524000
1-Dec-03,8.02,8.37,7.99,8.27,1026900
28-Nov-03,7.98,8.08,7.83,7.92,188400
26-Nov-03,7.93,7.95,7.78,7.89,342100
25-Nov-03,7.99,8.05,7.80,7.82,470700
24-Nov-03,7.68,8.05,7.66,7.80,537000
21-Nov-03,7.81,7.85,7.52,7.66,423200
20-Nov-03,8.11,8.26,7.50,7.66,953700
19-Nov-03,8.06,8.25,7.98,8.10,393900
18-Nov-03,7.86,8.20,7.83,7.98,699600
17-Nov-03,8.06,8.15,7.63,7.77,1253600
14-Nov-03,8.34,8.35,8.01,8.02,667600
13-Nov-03,8.81,8.88,8.25,8.29,949100
12-Nov-03,8.67,8.83,8.50,8.61,1061300
11-Nov-03,8.20,8.50,8.00,8.37,1186500
10-Nov-03,8.71,9.00,8.03,8.35,4677600
7-Nov-03,9.80,9.81,9.20,9.35,1291800
6-Nov-03,9.87,9.88,9.37,9.64,1250300
5-Nov-03,10.15,10.15,9.50,9.91,1308600
4-Nov-03,10.11,10.40,9.69,10.09,3204100
3-Nov-03,9.16,10.10,9.10,10.03,2648600
31-Oct-03,9.15,9.15,8.95,9.05,494600
30-Oct-03,9.15,9.18,8.87,9.10,1026500
29-Oct-03,8.84,9.03,8.60,8.99,1150500
28-Oct-03,8.97,9.08,8.90,8.90,914200
27-Oct-03,9.05,9.08,8.87,8.92,560500
24-Oct-03,8.80,8.83,8.60,8.78,335000
23-Oct-03,8.76,8.90,8.61,8.75,864900
22-Oct-03,9.38,9.39,8.97,8.97,1144900
21-Oct-03,9.04,9.40,8.91,9.31,1696100
20-Oct-03,9.25,9.31,8.81,8.97,1507500
17-Oct-03,9.39,9.50,8.73,8.92,3634800
16-Oct-03,8.14,8.61,8.07,8.60,497900
15-Oct-03,8.30,8.35,8.08,8.09,246300
14-Oct-03,8.32,8.33,8.15,8.24,355000
13-Oct-03,8.29,8.42,8.20,8.30,405500
10-Oct-03,8.16,8.30,8.10,8.29,238500
9-Oct-03,8.31,8.40,8.03,8.09,403600
8-Oct-03,8.18,8.35,8.16,8.27,320800
7-Oct-03,8.38,8.42,8.15,8.18,387900
6-Oct-03,7.99,8.45,7.91,8.38,447600
3-Oct-03,8.05,8.25,7.80,7.91,758600
2-Oct-03,8.03,8.30,7.96,7.98,275900
1-Oct-03,7.98,8.10,7.90,7.96,371900
30-Sep-03,7.83,8.22,7.65,7.90,491500
29-Sep-03,7.72,7.95,7.63,7.69,280700
26-Sep-03,8.09,8.16,7.70,7.75,652500
25-Sep-03,8.31,8.50,8.01,8.17,758900
24-Sep-03,8.86,8.86,8.06,8.19,928600
23-Sep-03,8.56,9.11,8.50,8.76,1011400
22-Sep-03,8.70,8.73,8.40,8.51,895300
19-Sep-03,8.03,8.88,7.90,8.85,2720200
18-Sep-03,7.93,8.00,7.72,7.73,303300
17-Sep-03,8.05,8.10,7.73,7.90,418500
16-Sep-03,7.53,8.10,7.50,7.97,779500
15-Sep-03,7.36,7.48,7.35,7.40,264700
12-Sep-03,7.45,7.58,7.36,7.40,637200
11-Sep-03,7.69,7.79,7.36,7.55,425800
10-Sep-03,7.68,7.96,7.63,7.69,203400
9-Sep-03,7.75,8.10,7.75,7.78,446100
8-Sep-03,7.69,7.84,7.62,7.73,181900
5-Sep-03,7.61,7.85,7.56,7.62,372400
4-Sep-03,7.83,7.84,7.35,7.59,753100
3-Sep-03,8.04,8.10,7.87,7.87,321100
2-Sep-03,8.10,8.14,7.87,7.90,507800
29-Aug-03,7.17,7.79,7.10,7.75,613200
28-Aug-03,7.10,7.16,7.03,7.16,286100
27-Aug-03,7.10,7.20,7.05,7.09,346000
26-Aug-03,7.16,7.20,7.10,7.15,236300
25-Aug-03,7.40,7.44,7.17,7.24,299700
22-Aug-03,7.36,7.49,7.30,7.37,191100
21-Aug-03,7.35,7.54,7.26,7.32,174200
20-Aug-03,7.44,7.44,7.30,7.32,138400
19-Aug-03,7.34,7.63,7.27,7.45,574200
18-Aug-03,7.25,7.42,7.20,7.24,262600
15-Aug-03,7.48,7.55,7.27,7.28,81100
14-Aug-03,7.40,7.45,7.32,7.45,150200
13-Aug-03,7.32,7.39,7.25,7.33,297300
12-Aug-03,7.05,7.39,7.00,7.30,255000
11-Aug-03,7.60,7.62,6.95,7.00,1043200
8-Aug-03,7.48,7.65,7.42,7.54,207900
7-Aug-03,7.35,7.80,7.29,7.39,778600
6-Aug-03,8.26,8.29,7.24,7.39,1266500
5-Aug-03,8.28,8.38,8.10,8.26,240700
4-Aug-03,8.33,8.52,8.18,8.25,216100
1-Aug-03,8.56,8.80,8.27,8.30,406000
31-Jul-03,8.84,8.92,8.08,8.50,1039300
30-Jul-03,9.12,9.20,8.76,8.87,279000
29-Jul-03,8.59,9.21,8.56,9.07,323800
28-Jul-03,8.70,8.70,8.51,8.70,145000
25-Jul-03,8.76,8.81,8.48,8.60,187400
24-Jul-03,8.81,8.97,8.63,8.74,143000
23-Jul-03,8.47,8.97,8.41,8.90,298800
22-Jul-03,8.40,8.65,8.30,8.40,296800
21-Jul-03,8.37,8.52,8.20,8.33,606100
18-Jul-03,8.60,8.81,8.37,8.37,640300
17-Jul-03,8.53,8.67,8.37,8.60,286400
16-Jul-03,8.91,8.91,8.25,8.52,354200
15-Jul-03,9.25,9.28,8.73,8.82,503000
14-Jul-03,9.10,9.44,9.00,9.21,330300
11-Jul-03,9.16,9.22,8.99,9.03,141600
10-Jul-03,9.19,9.30,8.86,9.14,440000
9-Jul-03,9.40,9.75,9.19,9.30,988200
8-Jul-03,8.66,9.46,8.55,9.40,1102300
7-Jul-03,8.75,9.00,8.65,8.67,715800
3-Jul-03,8.85,9.25,8.70,8.76,512400
2-Jul-03,8.79,8.87,8.55,8.79,285000
1-Jul-03,9.03,9.03,8.55,8.79,472900
30-Jun-03,9.20,9.21,8.85,9.01,344100
27-Jun-03,9.50,9.50,8.75,8.96,1125200
26-Jun-03,8.96,9.45,8.76,9.44,1774300
25-Jun-03,8.31,8.96,8.30,8.76,953700
24-Jun-03,8.18,8.45,8.11,8.24,534200
23-Jun-03,8.61,8.66,8.10,8.18,446600
20-Jun-03,8.89,8.90,8.38,8.43,1383100
19-Jun-03,8.25,8.81,8.06,8.70,2509700
18-Jun-03,7.73,8.50,7.70,8.04,3946900
17-Jun-03,7.20,7.75,7.17,7.72,1209600
16-Jun-03,7.41,7.50,7.20,7.31,229400
13-Jun-03,7.03,7.40,7.03,7.40,616500
12-Jun-03,7.10,7.15,6.96,7.11,376300
11-Jun-03,7.13,7.29,7.05,7.15,310000
10-Jun-03,7.49,7.50,7.05,7.30,854400
9-Jun-03,7.39,7.75,7.18,7.38,1168100
6-Jun-03,7.72,7.74,7.30,7.44,294200
5-Jun-03,7.50,7.60,7.27,7.40,528800
4-Jun-03,7.68,7.75,7.16,7.50,481800
3-Jun-03,7.85,7.85,7.64,7.78,356000
2-Jun-03,7.74,7.92,7.69,7.76,704600
30-May-03,7.50,7.75,7.49,7.64,435800
29-May-03,7.50,7.50,7.27,7.49,607500
28-May-03,7.49,7.50,7.15,7.35,248600
27-May-03,6.92,7.46,6.83,7.34,444100
23-May-03,7.00,7.05,6.80,6.97,758700
22-May-03,7.19,7.24,7.00,7.05,237600
21-May-03,7.16,7.34,6.76,7.12,647200
20-May-03,7.40,7.43,7.01,7.25,338900
19-May-03,7.31,7.50,7.03,7.32,526700
16-May-03,7.56,7.70,7.42,7.69,498200
15-May-03,7.68,7.72,7.15,7.65,874600
14-May-03,7.86,7.90,7.65,7.75,347200
13-May-03,7.84,7.94,7.81,7.90,734400
12-May-03,7.65,7.95,7.65,7.90,732500
9-May-03,7.83,7.90,7.58,7.75,1263500
8-May-03,7.10,7.80,6.96,7.73,2616800
7-May-03,7.09,7.10,6.50,7.00,4412500
6-May-03,8.10,8.23,7.76,7.87,723600
5-May-03,8.19,8.37,7.66,7.93,1568400
2-May-03,7.79,7.85,7.26,7.40,1047500
1-May-03,7.88,7.88,7.50,7.65,363000
30-Apr-03,7.82,8.02,7.64,7.88,448000
29-Apr-03,7.70,7.96,7.11,7.71,1097000
28-Apr-03,6.80,7.53,6.79,7.52,1083900
25-Apr-03,6.47,6.60,6.42,6.57,229500
24-Apr-03,6.60,6.76,6.45,6.46,369500
23-Apr-03,6.30,7.07,6.20,6.70,1154400
22-Apr-03,5.91,6.06,5.84,6.06,156400
21-Apr-03,5.74,6.00,5.74,5.84,106200
17-Apr-03,5.60,5.85,5.50,5.81,126300
16-Apr-03,5.50,5.62,5.40,5.59,104700
15-Apr-03,5.86,5.90,5.37,5.57,148300
14-Apr-03,5.42,5.75,5.39,5.72,169400
11-Apr-03,5.18,5.43,5.07,5.40,165600
10-Apr-03,5.15,5.37,5.13,5.21,146000
9-Apr-03,5.15,5.40,5.10,5.10,269000
8-Apr-03,5.00,5.20,4.93,5.15,219000
7-Apr-03,5.14,5.31,5.02,5.06,181200
4-Apr-03,5.15,5.15,5.02,5.05,78700
3-Apr-03,5.02,5.08,4.93,5.05,196300
2-Apr-03,5.08,5.10,4.92,5.00,146700
1-Apr-03,4.92,5.07,4.83,5.03,187900
31-Mar-03,4.86,4.90,4.62,4.89,67100
28-Mar-03,5.00,5.00,4.86,4.90,107000
27-Mar-03,4.93,5.02,4.87,4.98,140800
26-Mar-03,4.95,5.00,4.78,4.97,237600
25-Mar-03,4.57,5.06,4.50,4.79,207100
24-Mar-03,4.50,4.59,4.38,4.51,70500
21-Mar-03,4.40,4.75,4.40,4.65,219600
20-Mar-03,4.56,4.65,4.41,4.50,88700
19-Mar-03,4.52,4.71,4.52,4.64,156600
18-Mar-03,4.28,4.64,4.26,4.60,280000
17-Mar-03,4.13,4.29,4.00,4.28,73400
14-Mar-03,4.15,4.24,4.15,4.20,49900
13-Mar-03,4.15,4.28,4.10,4.23,111300
12-Mar-03,4.07,4.17,4.05,4.13,36700
11-Mar-03,4.07,4.13,3.92,4.10,166000
10-Mar-03,4.25,4.31,4.02,4.02,95800
7-Mar-03,4.15,4.34,4.01,4.28,86800
6-Mar-03,4.20,4.20,4.02,4.16,119600
5-Mar-03,4.30,4.40,4.15,4.27,92100
4-Mar-03,4.50,4.52,4.17,4.40,143800
3-Mar-03,4.24,4.49,4.14,4.48,381500
28-Feb-03,3.85,4.23,3.80,4.23,254200
27-Feb-03,3.50,3.86,3.46,3.72,322700
26-Feb-03,3.40,3.40,3.27,3.33,23700
25-Feb-03,3.30,3.37,3.30,3.36,67800
24-Feb-03,3.30,3.40,3.28,3.30,43600
21-Feb-03,3.40,3.40,3.22,3.26,11400
20-Feb-03,3.38,3.38,3.19,3.37,46000
19-Feb-03,3.23,3.40,3.23,3.36,56000
18-Feb-03,3.18,3.28,3.10,3.25,146300
14-Feb-03,3.00,3.04,2.90,2.96,56500
13-Feb-03,2.83,2.99,2.61,2.90,213300
12-Feb-03,3.00,3.00,2.76,2.83,112200
11-Feb-03,3.12,3.12,2.90,2.96,147100
10-Feb-03,3.20,3.27,3.11,3.18,228200
7-Feb-03,3.29,3.36,3.05,3.10,196600
6-Feb-03,3.45,3.54,3.27,3.35,105800
5-Feb-03,3.60,3.64,3.47,3.47,46200
4-Feb-03,3.65,3.78,3.45,3.55,108100
3-Feb-03,3.70,3.83,3.68,3.68,40700
31-Jan-03,3.67,3.85,3.67,3.84,26800
30-Jan-03,3.72,3.85,3.65,3.72,34700
29-Jan-03,3.80,3.85,3.61,3.72,51000
28-Jan-03,3.76,3.82,3.65,3.71,24700
27-Jan-03,3.80,3.80,3.65,3.71,96400
24-Jan-03,3.80,3.86,3.80,3.86,16500
23-Jan-03,3.91,4.01,3.75,3.90,64000
22-Jan-03,3.64,3.90,3.60,3.82,55900
21-Jan-03,4.02,4.02,3.78,3.86,95500
17-Jan-03,4.16,4.16,3.96,4.00,116800
16-Jan-03,4.48,4.61,4.14,4.16,422800
15-Jan-03,3.77,4.38,3.77,4.31,804300
14-Jan-03,3.78,3.79,3.67,3.72,112900
13-Jan-03,3.61,3.79,3.61,3.68,143800
10-Jan-03,3.64,3.80,3.57,3.63,120000
9-Jan-03,3.86,3.93,3.64,3.64,153300
8-Jan-03,3.95,3.95,3.81,3.81,58200
7-Jan-03,3.89,4.00,3.84,3.90,78700
6-Jan-03,4.09,4.09,3.85,3.91,38100
3-Jan-03,3.98,4.03,3.87,3.98,50900
2-Jan-03,4.05,4.05,3.80,4.05,62900
31-Dec-02,3.79,4.06,3.73,4.04,77400
30-Dec-02,4.08,4.08,3.71,3.87,88800
27-Dec-02,4.14,4.14,4.03,4.09,43200
26-Dec-02,3.90,4.17,3.87,4.06,108400
24-Dec-02,3.64,3.91,3.52,3.87,53600
23-Dec-02,3.68,3.68,3.50,3.59,97800
20-Dec-02,3.64,3.80,3.64,3.70,45600
19-Dec-02,3.76,3.80,3.65,3.68,138800
18-Dec-02,4.08,4.13,3.65,3.78,235700
17-Dec-02,4.12,4.21,4.08,4.13,103700
16-Dec-02,4.15,4.25,4.05,4.21,79300
13-Dec-02,4.23,4.25,4.16,4.19,40600
12-Dec-02,4.25,4.25,4.15,4.22,25900
11-Dec-02,4.38,4.38,4.16,4.20,36200
10-Dec-02,4.19,4.38,4.05,4.26,107200
9-Dec-02,4.20,4.20,4.08,4.08,84600
6-Dec-02,4.15,4.20,4.01,4.11,210600
5-Dec-02,4.27,4.29,4.05,4.08,62400
4-Dec-02,4.10,4.35,3.95,4.24,88700
3-Dec-02,4.15,4.17,4.00,4.05,253100
2-Dec-02,4.55,4.55,4.13,4.25,150900
29-Nov-02,4.54,4.57,4.35,4.37,36100
27-Nov-02,4.40,4.62,4.31,4.54,68600
26-Nov-02,4.70,4.70,4.32,4.39,148400
25-Nov-02,4.81,4.97,4.68,4.74,61900
22-Nov-02,4.51,4.81,4.51,4.65,99600
21-Nov-02,5.06,5.06,4.54,4.56,130900
20-Nov-02,4.63,5.13,4.63,4.97,51800
19-Nov-02,5.06,5.18,4.62,4.94,220100
18-Nov-02,5.39,5.39,5.18,5.24,29100
15-Nov-02,5.27,5.44,5.17,5.37,82500
14-Nov-02,5.20,5.40,5.11,5.38,83200
13-Nov-02,5.20,5.25,5.15,5.22,51600
12-Nov-02,5.11,5.30,5.10,5.28,200200
11-Nov-02,5.29,5.41,5.09,5.10,149900
8-Nov-02,5.51,5.52,5.34,5.35,86200
7-Nov-02,5.20,5.59,5.20,5.47,152300
6-Nov-02,5.50,5.60,5.00,5.40,245700
5-Nov-02,5.10,5.59,5.05,5.49,299600
4-Nov-02,4.96,5.45,4.85,5.17,220800
1-Nov-02,4.97,5.08,4.85,4.95,123400
31-Oct-02,4.76,5.05,4.67,4.99,208800
30-Oct-02,4.26,4.76,4.25,4.70,212700
29-Oct-02,4.13,4.23,4.10,4.16,45600
28-Oct-02,4.05,4.20,4.01,4.14,212300
25-Oct-02,4.04,4.04,3.90,3.99,114300
24-Oct-02,4.00,4.22,3.82,3.93,123600
23-Oct-02,4.20,4.27,3.96,4.02,92800
22-Oct-02,4.01,4.16,4.01,4.08,52200
21-Oct-02,4.25,4.46,3.98,4.20,108300
18-Oct-02,4.27,4.38,4.20,4.30,27700
17-Oct-02,4.49,4.59,4.31,4.39,59500
16-Oct-02,4.28,4.54,4.23,4.40,34500
15-Oct-02,4.30,4.55,4.29,4.50,138100
14-Oct-02,4.18,4.25,4.00,4.20,27800
11-Oct-02,4.06,4.25,4.02,4.18,72200
10-Oct-02,3.90,4.11,3.70,4.02,95800
9-Oct-02,3.90,4.00,3.73,3.90,62800
8-Oct-02,4.31,4.49,3.74,4.03,125200
7-Oct-02,4.60,4.74,4.31,4.38,46300
4-Oct-02,4.75,4.88,4.50,4.64,59300
3-Oct-02,4.63,4.81,4.63,4.80,31600
2-Oct-02,4.40,4.80,4.40,4.70,108700
1-Oct-02,4.50,4.65,4.38,4.47,87500
30-Sep-02,4.75,4.78,4.42,4.55,69400
27-Sep-02,4.88,4.88,4.76,4.77,19600
26-Sep-02,5.05,5.11,4.85,4.85,148700
25-Sep-02,4.65,5.15,4.60,5.07,358200
24-Sep-02,4.80,4.92,4.52,4.60,77900
23-Sep-02,5.07,5.08,4.47,4.72,341600
20-Sep-02,5.57,5.57,5.00,5.23,197600
19-Sep-02,5.58,5.67,5.43,5.49,124700
18-Sep-02,5.76,5.80,5.14,5.56,290600
17-Sep-02,5.94,6.05,5.72,5.88,468400
16-Sep-02,5.49,5.94,5.42,5.91,331900
13-Sep-02,5.50,5.54,5.40,5.45,55700
12-Sep-02,5.69,5.72,5.45,5.45,85300
11-Sep-02,5.46,5.77,5.45,5.70,278200
10-Sep-02,5.61,5.76,5.30,5.48,279100
9-Sep-02,4.76,5.75,4.60,5.74,344300
6-Sep-02,4.65,4.85,4.63,4.83,40300
5-Sep-02,4.78,4.78,4.59,4.65,21700
4-Sep-02,4.54,4.80,4.50,4.80,51200
3-Sep-02,4.82,4.84,4.43,4.45,83800
30-Aug-02,4.86,4.99,4.81,4.96,36900
29-Aug-02,4.90,4.99,4.80,4.85,46900
28-Aug-02,4.81,4.96,4.79,4.90,46600
27-Aug-02,5.01,5.04,4.80,4.93,67300
26-Aug-02,4.89,5.00,4.80,4.80,59400
23-Aug-02,4.89,5.23,4.80,4.80,215800
22-Aug-02,4.11,4.85,4.07,4.84,213100
21-Aug-02,3.97,4.25,3.97,4.11,56000
20-Aug-02,3.98,4.05,3.86,3.95,44800
19-Aug-02,4.19,4.19,3.99,3.99,64200
16-Aug-02,4.05,4.15,3.95,4.10,42600
15-Aug-02,4.15,4.26,4.02,4.08,46100
14-Aug-02,4.11,4.30,3.82,4.30,138300
13-Aug-02,4.40,4.42,4.09,4.13,182800
12-Aug-02,4.05,4.49,3.93,4.49,202500
9-Aug-02,4.03,4.15,3.98,4.03,90400
8-Aug-02,4.05,4.15,3.85,3.98,393800
7-Aug-02,3.96,4.28,3.80,3.86,474800
6-Aug-02,3.05,3.73,3.00,3.60,214200
5-Aug-02,3.38,3.38,2.85,3.00,274900
2-Aug-02,3.75,3.75,3.29,3.30,99100
1-Aug-02,3.65,3.87,3.65,3.65,133900
31-Jul-02,3.86,3.92,3.58,3.70,68800
30-Jul-02,3.85,4.11,3.55,3.87,82800
29-Jul-02,3.49,3.91,3.40,3.69,231800
26-Jul-02,3.30,3.63,3.22,3.60,55600
25-Jul-02,3.38,3.55,3.22,3.30,188400
24-Jul-02,3.70,3.70,3.31,3.38,246800
23-Jul-02,3.99,4.00,3.61,3.70,118300
22-Jul-02,4.21,4.41,3.67,3.80,232900
19-Jul-02,4.30,4.46,4.18,4.23,63800
18-Jul-02,4.45,5.30,4.30,4.34,333300
17-Jul-02,4.15,4.64,4.10,4.64,346800
16-Jul-02,4.07,4.09,3.89,4.00,174300
15-Jul-02,4.60,4.69,4.04,4.15,206300
12-Jul-02,4.99,5.02,4.61,4.69,101700
11-Jul-02,4.83,4.94,4.55,4.94,105200
10-Jul-02,5.11,5.28,4.83,4.90,157700
9-Jul-02,5.44,5.59,5.06,5.18,127300
8-Jul-02,5.04,5.49,4.95,5.37,110100
5-Jul-02,4.92,5.08,4.85,5.00,64600
3-Jul-02,4.81,4.94,4.36,4.91,192500
2-Jul-02,5.25,5.30,4.78,4.81,206000
1-Jul-02,5.70,5.81,5.17,5.17,51400
28-Jun-02,5.55,5.72,5.35,5.66,161000
27-Jun-02,5.28,5.57,5.22,5.52,247000
26-Jun-02,5.55,5.55,5.15,5.22,277200
25-Jun-02,5.76,5.94,5.58,5.63,136900
24-Jun-02,6.05,6.05,5.70,5.80,148500
21-Jun-02,6.11,6.22,6.00,6.05,103900
20-Jun-02,6.45,6.45,6.00,6.25,237800
19-Jun-02,6.10,6.62,5.96,6.38,393500
18-Jun-02,5.70,6.12,5.50,6.12,263000
17-Jun-02,5.99,6.11,5.91,6.07,303600
14-Jun-02,6.29,6.29,5.86,5.92,271100
13-Jun-02,6.50,6.60,6.20,6.33,170000
12-Jun-02,6.59,6.65,6.20,6.58,287600
11-Jun-02,6.78,6.93,6.60,6.65,137100
10-Jun-02,6.85,6.90,6.62,6.79,111800
7-Jun-02,6.79,6.97,6.38,6.90,227700
6-Jun-02,6.94,7.01,6.76,6.96,142000
5-Jun-02,6.90,7.03,6.55,6.89,255100
4-Jun-02,7.48,7.48,6.78,6.80,338500
3-Jun-02,7.14,7.50,6.95,7.43,413300
31-May-02,7.67,7.78,7.15,7.15,451900
30-May-02,7.05,7.85,7.00,7.73,992300
29-May-02,6.62,7.05,6.55,6.99,578400
28-May-02,6.39,6.63,6.30,6.55,156900
24-May-02,6.39,6.45,6.18,6.32,164800
23-May-02,6.59,6.79,6.00,6.35,402300
22-May-02,6.76,6.88,6.48,6.63,270700
21-May-02,6.85,7.09,6.76,6.76,327000
20-May-02,6.95,7.07,6.45,6.95,368600
17-May-02,6.80,7.14,6.60,6.95,1156100
16-May-02,5.97,6.80,5.91,6.68,1298300
15-May-02,5.43,5.96,5.42,5.91,335700
14-May-02,5.60,5.85,5.43,5.50,325600
13-May-02,5.55,5.60,5.03,5.50,479600
10-May-02,4.99,5.80,4.85,5.50,1331800
9-May-02,4.80,5.03,4.62,5.00,604000
8-May-02,4.15,4.40,4.06,4.38,93300
7-May-02,4.13,4.14,3.86,4.14,103700
6-May-02,4.20,4.20,4.02,4.03,46400
3-May-02,4.29,4.30,4.03,4.18,43100
2-May-02,3.83,4.33,3.83,4.25,81800
1-May-02,3.70,3.98,3.67,3.96,113400
30-Apr-02,3.56,3.95,3.55,3.75,105500
29-Apr-02,4.01,4.20,3.62,3.70,250500
26-Apr-02,4.40,4.45,3.88,4.01,162900
25-Apr-02,4.30,4.46,4.00,4.39,164700
24-Apr-02,4.92,4.92,4.50,4.50,108100
23-Apr-02,4.94,4.94,4.75,4.77,37200
22-Apr-02,4.82,5.00,4.75,4.90,141300
19-Apr-02,4.80,4.99,4.65,4.81,90300
18-Apr-02,4.61,4.77,4.45,4.77,73000
17-Apr-02,4.86,4.90,4.59,4.70,97900
16-Apr-02,4.55,4.98,4.49,4.80,307100
15-Apr-02,4.58,4.65,4.38,4.50,122700
12-Apr-02,4.50,4.65,4.44,4.58,65200
11-Apr-02,4.80,4.83,4.20,4.52,194900
10-Apr-02,5.01,5.01,4.75,4.83,79400
9-Apr-02,4.77,5.05,4.73,4.99,398900
8-Apr-02,4.44,4.75,4.30,4.75,156300
5-Apr-02,4.75,4.80,4.25,4.42,182500
4-Apr-02,5.29,5.31,4.45,4.60,389700
3-Apr-02,5.13,5.33,5.10,5.24,338500
2-Apr-02,5.00,5.26,4.90,5.06,641900
1-Apr-02,4.70,5.00,4.63,4.90,382900
28-Mar-02,4.40,4.69,4.36,4.69,218000
27-Mar-02,4.39,4.46,4.35,4.40,69800
26-Mar-02,4.45,4.50,4.35,4.40,98800
25-Mar-02,4.48,4.50,4.35,4.40,252600
22-Mar-02,4.89,4.89,4.30,4.30,289300
21-Mar-02,4.02,4.85,3.98,4.60,1172900
20-Mar-02,4.00,4.02,3.98,4.02,219100
19-Mar-02,3.80,4.05,3.80,3.95,124500
18-Mar-02,3.75,3.85,3.60,3.85,43500
15-Mar-02,3.71,3.71,3.58,3.65,25400
14-Mar-02,3.56,3.71,3.56,3.62,41600
13-Mar-02,3.96,3.99,3.54,3.58,97100
12-Mar-02,4.05,4.06,3.94,3.96,177100
11-Mar-02,4.01,4.05,3.95,4.00,63400
8-Mar-02,4.02,4.11,3.98,4.00,58300
7-Mar-02,4.04,4.12,3.97,3.99,51700
6-Mar-02,4.00,4.11,3.97,4.06,146000
5-Mar-02,3.95,4.04,3.86,3.97,68900
4-Mar-02,3.94,4.25,3.89,3.89,215500
1-Mar-02,3.59,3.94,3.48,3.89,295100
28-Feb-02,3.55,3.58,3.50,3.51,16300
27-Feb-02,3.58,3.58,3.42,3.56,28900
26-Feb-02,3.25,3.62,3.21,3.55,91900
25-Feb-02,3.26,3.36,3.25,3.30,17000
22-Feb-02,3.30,3.49,3.25,3.35,50400
21-Feb-02,3.38,3.50,3.29,3.43,34300
20-Feb-02,3.44,3.52,3.37,3.38,70600
19-Feb-02,3.25,3.68,3.25,3.43,213900
15-Feb-02,3.30,3.39,3.25,3.31,73700
14-Feb-02,3.14,3.30,3.14,3.29,48700
13-Feb-02,3.20,3.20,3.06,3.17,128000
12-Feb-02,2.96,3.19,2.88,3.12,57700
11-Feb-02,2.73,2.95,2.73,2.95,59600
8-Feb-02,2.73,2.80,2.68,2.80,74100
7-Feb-02,2.90,2.90,2.75,2.75,53900
6-Feb-02,2.90,2.97,2.85,2.97,74600
5-Feb-02,2.96,3.05,2.96,2.99,48100
4-Feb-02,3.06,3.10,2.98,3.00,47600
1-Feb-02,3.31,3.32,3.10,3.10,31400
31-Jan-02,3.05,3.30,3.05,3.30,47100
30-Jan-02,3.05,3.16,3.02,3.09,53500
29-Jan-02,3.27,3.35,3.03,3.10,91800
28-Jan-02,3.27,3.33,3.21,3.26,39400
25-Jan-02,3.15,3.30,3.06,3.24,61100
24-Jan-02,3.06,3.21,3.06,3.21,60900
23-Jan-02,3.01,3.18,3.01,3.07,22600
22-Jan-02,3.05,3.19,3.01,3.05,47700
18-Jan-02,3.24,3.24,3.10,3.15,27300
17-Jan-02,3.24,3.27,3.16,3.24,76800
16-Jan-02,3.16,3.24,3.10,3.16,38900
15-Jan-02,3.40,3.45,3.08,3.25,92200
14-Jan-02,3.22,3.38,3.08,3.26,74400
11-Jan-02,3.30,3.31,3.11,3.29,104700
10-Jan-02,3.09,3.30,2.88,3.21,190400
9-Jan-02,3.76,3.78,3.05,3.09,515200
8-Jan-02,2.82,4.31,2.81,3.74,1624400
7-Jan-02,2.10,2.70,2.10,2.52,352400
4-Jan-02,2.00,2.12,2.00,2.09,128900
3-Jan-02,1.98,2.05,1.95,2.02,123100
2-Jan-02,1.88,2.02,1.85,1.99,24900
31-Dec-01,1.96,2.02,1.90,2.02,100200
28-Dec-01,1.98,2.09,1.75,2.05,83100
27-Dec-01,1.80,2.05,1.75,2.05,235800
26-Dec-01,1.50,1.85,1.50,1.75,84800
24-Dec-01,1.43,1.56,1.43,1.54,49400
21-Dec-01,1.58,1.70,1.45,1.50,466800
20-Dec-01,1.50,1.57,1.35,1.57,310500
19-Dec-01,1.60,1.65,1.50,1.50,56400
18-Dec-01,1.60,1.73,1.58,1.69,46700
17-Dec-01,1.68,1.76,1.64,1.70,58300
14-Dec-01,1.70,1.80,1.62,1.80,47000
13-Dec-01,1.71,1.82,1.70,1.75,36400
12-Dec-01,1.70,1.85,1.66,1.80,90900
11-Dec-01,1.90,1.90,1.60,1.69,234100
10-Dec-01,1.95,2.00,1.84,1.92,56300
7-Dec-01,1.85,2.00,1.85,1.95,54300
6-Dec-01,1.90,2.00,1.80,1.93,31300
5-Dec-01,1.84,2.00,1.80,1.94,75300
4-Dec-01,1.90,1.90,1.76,1.83,91000
3-Dec-01,2.04,2.07,1.85,1.85,50200
30-Nov-01,2.18,2.18,1.90,2.01,64400
29-Nov-01,2.34,2.38,1.90,2.15,131200
28-Nov-01,2.34,2.50,2.30,2.38,105300
27-Nov-01,2.09,2.65,2.00,2.36,508400
26-Nov-01,2.00,2.12,1.91,2.10,145900
23-Nov-01,1.75,2.03,1.74,2.01,95600
21-Nov-01,1.35,1.72,1.35,1.68,160600
20-Nov-01,1.27,1.35,1.23,1.35,45000
19-Nov-01,1.25,1.32,1.25,1.27,30600
16-Nov-01,1.15,1.30,1.15,1.29,119600
15-Nov-01,1.24,1.24,1.13,1.17,67000
14-Nov-01,1.18,1.24,1.15,1.17,51000
13-Nov-01,1.20,1.28,1.17,1.20,49700
12-Nov-01,1.19,1.30,1.16,1.16,103900
9-Nov-01,1.20,1.22,1.13,1.16,59200
8-Nov-01,1.26,1.26,1.18,1.20,35500
7-Nov-01,1.25,1.30,1.20,1.24,59200
6-Nov-01,1.21,1.25,1.13,1.25,72000
5-Nov-01,1.20,1.29,1.20,1.20,24100
2-Nov-01,1.34,1.34,1.16,1.23,21700
1-Nov-01,1.25,1.25,1.11,1.13,34600
31-Oct-01,1.30,1.33,1.21,1.23,9500
30-Oct-01,1.27,1.33,1.25,1.27,21300
29-Oct-01,1.16,1.32,1.16,1.27,40900
26-Oct-01,1.19,1.24,1.15,1.22,19800
25-Oct-01,1.20,1.25,1.15,1.19,22000
24-Oct-01,1.22,1.25,1.20,1.22,17900
23-Oct-01,1.26,1.28,1.21,1.26,24900
22-Oct-01,1.25,1.30,1.25,1.29,72100
19-Oct-01,1.22,1.27,1.22,1.22,16300
18-Oct-01,1.32,1.35,1.22,1.22,41400
17-Oct-01,1.20,1.41,1.20,1.36,42700
16-Oct-01,1.30,1.30,1.15,1.20,56000
15-Oct-01,1.32,1.35,1.22,1.28,51300
12-Oct-01,1.19,1.35,1.13,1.34,147800
11-Oct-01,1.04,1.20,0.97,1.13,65300
10-Oct-01,1.05,1.05,1.00,1.01,29600
9-Oct-01,1.07,1.07,1.00,1.01,126400
8-Oct-01,0.96,1.08,0.93,1.08,62100
5-Oct-01,0.88,0.97,0.87,0.93,49800
4-Oct-01,0.87,0.92,0.85,0.87,89600
3-Oct-01,0.77,0.92,0.76,0.90,168000
2-Oct-01,0.97,0.97,0.79,0.79,207500
1-Oct-01,1.00,1.00,0.93,0.96,29400
28-Sep-01,0.98,1.04,0.95,1.00,124800
27-Sep-01,0.74,0.99,0.70,0.93,580900
26-Sep-01,0.78,0.80,0.74,0.74,317900
25-Sep-01,0.67,0.75,0.65,0.75,95900
24-Sep-01,0.62,0.65,0.59,0.65,43000
21-Sep-01,0.64,0.64,0.55,0.59,45200
20-Sep-01,0.61,0.65,0.56,0.65,49100
19-Sep-01,0.82,0.82,0.55,0.59,278500
18-Sep-01,0.86,0.90,0.76,0.80,303200
17-Sep-01,0.91,0.91,0.80,0.85,57700
10-Sep-01,0.90,0.93,0.90,0.90,249600
7-Sep-01,0.86,0.95,0.86,0.94,55300
6-Sep-01,0.85,0.90,0.85,0.90,88300
5-Sep-01,0.99,0.99,0.86,0.87,71000
4-Sep-01,1.00,1.00,0.96,0.96,34500
31-Aug-01,1.00,1.02,0.97,1.00,28200
30-Aug-01,0.97,1.02,0.97,1.02,35100
29-Aug-01,1.12,1.20,0.95,0.98,242000
28-Aug-01,1.21,1.21,1.08,1.10,31400
27-Aug-01,1.18,1.21,1.07,1.19,47900
24-Aug-01,1.18,1.21,1.11,1.11,31400
23-Aug-01,1.20,1.23,1.18,1.21,9900
22-Aug-01,1.24,1.27,1.02,1.20,91900
21-Aug-01,1.30,1.35,1.20,1.23,172800
20-Aug-01,1.35,1.39,1.30,1.35,31800
17-Aug-01,1.65,1.65,1.35,1.35,457800
16-Aug-01,1.64,1.65,1.54,1.60,37700
15-Aug-01,1.65,1.65,1.52,1.64,21900
14-Aug-01,1.50,1.64,1.50,1.60,43800
13-Aug-01,1.56,1.60,1.50,1.53,69200
10-Aug-01,1.52,1.60,1.52,1.58,17800
9-Aug-01,1.65,1.65,1.54,1.58,58900
8-Aug-01,1.63,1.69,1.56,1.65,97500
7-Aug-01,1.61,1.63,1.58,1.58,11300
6-Aug-01,1.62,1.62,1.57,1.61,30200
3-Aug-01,1.68,1.68,1.60,1.60,55000
2-Aug-01,1.68,1.68,1.64,1.66,172700
1-Aug-01,1.68,1.68,1.65,1.68,55500
31-Jul-01,1.65,1.71,1.65,1.68,444200
30-Jul-01,1.74,1.81,1.63,1.65,85400
27-Jul-01,1.64,1.72,1.60,1.72,44000
26-Jul-01,1.82,1.82,1.61,1.64,118000
25-Jul-01,1.78,1.87,1.77,1.81,103200
24-Jul-01,1.83,1.83,1.68,1.76,105300
23-Jul-01,2.06,2.06,1.80,1.80,67200
20-Jul-01,2.10,2.10,1.94,1.95,50500
19-Jul-01,2.14,2.14,2.05,2.10,29300
18-Jul-01,2.06,2.14,1.94,2.14,24800
17-Jul-01,2.15,2.15,1.80,2.07,48900
16-Jul-01,2.11,2.13,2.00,2.13,42700
13-Jul-01,2.13,2.18,2.00,2.04,31600
12-Jul-01,2.24,2.24,2.00,2.08,75400
11-Jul-01,2.24,2.27,2.12,2.21,27700
10-Jul-01,2.30,2.44,2.26,2.35,80200
9-Jul-01,2.35,2.35,2.22,2.30,103500
6-Jul-01,2.39,2.47,2.30,2.32,18200
5-Jul-01,2.26,2.38,2.20,2.38,36800
3-Jul-01,2.24,2.27,2.11,2.27,30300
2-Jul-01,2.00,2.26,1.93,2.08,339400
29-Jun-01,2.13,2.14,1.95,1.96,51100
28-Jun-01,2.03,2.13,1.99,2.05,34700
27-Jun-01,2.05,2.05,1.93,2.01,54200
26-Jun-01,2.05,2.11,1.88,2.05,159500
25-Jun-01,1.90,2.11,1.90,2.00,34900
22-Jun-01,1.78,1.99,1.67,1.91,21300
21-Jun-01,1.62,1.81,1.45,1.79,154900
20-Jun-01,1.97,2.00,1.60,1.62,166400
19-Jun-01,2.05,2.05,1.94,1.96,121000
18-Jun-01,2.10,2.23,2.05,2.05,37800
15-Jun-01,2.25,2.30,2.08,2.15,69200
14-Jun-01,2.39,2.39,2.07,2.38,70800
13-Jun-01,2.46,2.54,2.17,2.35,61500
12-Jun-01,2.53,2.55,2.42,2.55,72400
11-Jun-01,2.58,2.60,2.52,2.52,8600
8-Jun-01,2.60,2.60,2.56,2.60,20500
7-Jun-01,2.48,2.67,2.46,2.61,38300
6-Jun-01,2.55,2.56,2.43,2.47,187600
5-Jun-01,2.57,2.59,2.57,2.59,60300
4-Jun-01,2.74,2.74,2.62,2.62,78400
1-Jun-01,2.74,2.75,2.71,2.74,25000
31-May-01,2.74,2.76,2.71,2.75,43300
30-May-01,2.81,2.85,2.71,2.81,71600
29-May-01,2.89,2.90,2.67,2.90,36500
25-May-01,2.76,2.90,2.65,2.82,40300
24-May-01,2.77,2.84,2.65,2.72,63500
23-May-01,2.73,2.80,2.72,2.74,68100
22-May-01,2.74,2.83,2.71,2.73,31500
21-May-01,2.83,2.83,2.70,2.77,11100
18-May-01,2.80,2.81,2.70,2.71,11800
17-May-01,2.74,2.82,2.66,2.81,90100
16-May-01,2.74,2.74,2.56,2.70,71000
15-May-01,2.54,2.74,2.54,2.74,16600
14-May-01,2.29,2.69,2.28,2.67,85500
11-May-01,2.78,2.79,2.65,2.70,80200
10-May-01,2.75,2.75,2.67,2.68,44100
9-May-01,2.70,2.75,2.70,2.72,122000
8-May-01,2.75,2.75,2.71,2.73,50800
7-May-01,2.72,2.83,2.72,2.74,51800
4-May-01,2.79,2.79,2.75,2.78,45000
3-May-01,2.83,2.84,2.75,2.75,36700
2-May-01,2.81,2.85,2.71,2.81,186500
1-May-01,2.74,2.75,2.71,2.74,41500
30-Apr-01,2.69,2.74,2.63,2.74,79300
27-Apr-01,2.93,2.93,2.75,2.75,50800
26-Apr-01,2.86,2.90,2.76,2.81,41500
25-Apr-01,3.00,3.00,2.94,2.99,53200
24-Apr-01,2.92,3.00,2.92,2.99,5600
23-Apr-01,2.92,3.00,2.90,2.92,14400
20-Apr-01,3.07,3.07,2.90,3.05,20500
19-Apr-01,2.93,3.10,2.92,2.97,22000
18-Apr-01,2.93,3.00,2.86,2.90,70000
17-Apr-01,2.96,2.99,2.91,2.95,11200
16-Apr-01,3.06,3.06,2.90,2.95,28000
12-Apr-01,3.00,3.06,2.98,3.05,8300
11-Apr-01,3.00,3.16,2.98,3.04,65800
10-Apr-01,3.00,3.00,2.90,2.96,50300
9-Apr-01,2.62,3.00,2.56,2.90,124500
6-Apr-01,2.69,2.69,2.56,2.56,32100
5-Apr-01,2.62,2.81,2.59,2.72,30800
4-Apr-01,2.75,2.81,2.50,2.62,51100
3-Apr-01,3.00,3.06,2.69,2.69,117900
2-Apr-01,3.00,3.22,3.00,3.00,14900
30-Mar-01,2.98,3.12,2.94,3.09,27100
29-Mar-01,3.19,3.25,2.81,3.12,103700
28-Mar-01,3.34,3.44,3.25,3.31,27800
27-Mar-01,3.12,3.50,3.09,3.50,43700
26-Mar-01,3.31,3.31,3.09,3.12,23500
23-Mar-01,3.19,3.25,3.09,3.09,28100
22-Mar-01,3.06,3.25,3.06,3.09,19200
21-Mar-01,3.36,3.36,3.06,3.06,35900
20-Mar-01,3.36,3.38,3.19,3.25,19200
19-Mar-01,3.38,3.38,3.06,3.25,15600
16-Mar-01,3.39,3.44,3.09,3.09,60100
15-Mar-01,3.16,3.44,3.16,3.41,29700
14-Mar-01,3.25,3.38,3.06,3.12,58200
13-Mar-01,3.25,3.44,3.25,3.44,65000
12-Mar-01,3.39,3.44,3.25,3.25,22300
9-Mar-01,3.50,3.59,3.34,3.41,70200
8-Mar-01,3.56,3.56,3.44,3.44,98100
7-Mar-01,3.56,3.62,3.50,3.56,62500
6-Mar-01,3.81,3.84,3.53,3.55,60600
5-Mar-01,3.88,3.88,3.53,3.62,77600
2-Mar-01,3.75,3.91,3.69,3.84,19200
1-Mar-01,3.78,3.88,3.56,3.75,48800
28-Feb-01,3.94,4.06,3.84,3.84,42600
27-Feb-01,4.12,4.28,3.94,4.06,38400
26-Feb-01,4.06,4.25,4.03,4.16,37800
23-Feb-01,4.02,4.12,3.88,4.12,40600
22-Feb-01,4.31,4.44,3.94,3.97,81000
21-Feb-01,4.73,4.75,4.25,4.31,199700
20-Feb-01,4.81,4.94,4.50,4.62,103300
16-Feb-01,4.62,4.88,4.62,4.88,97000
15-Feb-01,5.19,5.25,4.81,4.94,84700
14-Feb-01,4.55,5.25,4.34,5.06,166500
13-Feb-01,4.38,4.44,4.28,4.42,116600
12-Feb-01,4.66,4.69,4.19,4.38,133100
9-Feb-01,5.11,5.12,4.31,4.69,151800
8-Feb-01,5.00,5.28,5.00,5.12,38100
7-Feb-01,5.19,5.31,4.94,5.25,359900
6-Feb-01,4.86,5.38,4.75,5.25,310400
5-Feb-01,4.53,4.88,4.53,4.88,152900
2-Feb-01,4.62,4.75,4.50,4.69,105700
1-Feb-01,4.44,4.66,4.41,4.56,80600
31-Jan-01,4.31,4.59,4.25,4.31,96400
30-Jan-01,4.25,4.38,4.12,4.38,85900
29-Jan-01,3.94,4.25,3.81,4.25,93000
26-Jan-01,4.00,4.06,3.75,3.94,145500
25-Jan-01,4.44,4.50,3.69,4.00,465200
24-Jan-01,6.12,7.19,4.12,4.75,1710700
23-Jan-01,5.19,6.25,5.06,5.94,554000
22-Jan-01,4.94,5.25,4.81,5.06,332700
19-Jan-01,4.42,5.31,4.38,4.62,384100
18-Jan-01,4.08,4.50,4.08,4.44,167500
17-Jan-01,4.11,4.25,4.03,4.16,115200
16-Jan-01,3.94,4.06,3.81,4.00,139400
12-Jan-01,3.88,4.00,3.69,3.88,137800
11-Jan-01,4.00,4.06,3.88,3.88,56300
10-Jan-01,4.19,4.19,3.94,4.12,136900
9-Jan-01,4.06,4.31,3.81,4.19,218100
8-Jan-01,3.56,4.22,3.44,4.06,249300
5-Jan-01,3.61,3.62,3.38,3.62,186300
4-Jan-01,3.56,3.62,3.12,3.56,67100
3-Jan-01,3.25,3.56,3.12,3.56,58800
2-Jan-01,2.75,3.47,2.75,3.19,167000
